fileName	Label	F0[Hz]	F1[Hz]	F2[Hz]	F3[Hz]	F4[Hz]	F1[Bark]	F2[Bark]	F3[Bark]	F4[Bark]
subj_10_keggif_18_Post	E	206	663	2034	2512	3152	6	13	14	16
subj_10_keggif_33_Post	E	215	594	1949	2484	3160	6	13	14	16
subj_10_keggif_7_Post	E	221	608	2030	2370	2679	6	13	14	15
subj_10_keggif_AF2_12	E	220	607	1129	2116	3779	6	9	13	17
subj_10_keggif_AF2_42	E	217	441	1112	2189	3913	4	9	14	17
subj_10_keggif_AF2_48	E	223	353	1007	2355	3879	4	9	14	17
subj_10_keggif_MN1_11	E	251	669	1017	2485	2794	6	9	14	15
subj_10_keggif_MN1_33	E	257	649	1235	2742	3856	6	10	15	17
subj_10_keggif_MN1_6	E	246	726	1216	2161	3015	7	10	13	16
subj_10_keggif_Pre_0	E	214	539	2075	2600	3581	5	13	15	17
subj_10_keggif_Pre_35	E	207	531	2090	2845	4187	5	13	15	18
subj_10_keggif_Pre_45	E	201	492	2044	2691	3664	5	13	15	17
subj_10_peffif_16_Post	E	222	672	1907	2550	2896	6	13	15	15
subj_10_peffif_44_Post	E	212	629	1826	2622	3745	6	12	15	17
subj_10_peffif_53_Post	E	202	636	1903	2578	3396	6	13	15	16
subj_10_peffif_AF2_0	E	228	482	1526	2389	3051	5	11	14	16
subj_10_peffif_AF2_14	E	225	408	1363	2265	4111	4	10	14	18
subj_10_peffif_AF2_5	E	225	426	1372	2251	4023	4	10	14	18
subj_10_peffif_MN1_17	E	249	588	1271	2494	4050	6	10	14	18
subj_10_peffif_MN1_20	E	251	629	1191	2308	3915	6	10	14	17
subj_10_peffif_Pre_22	E	213	587	1905	2847	4030	6	13	15	18
subj_10_peffif_Pre_33	E	210	593	1943	2723	4154	6	13	15	18
subj_10_peffif_Pre_42	E	210	556	1876	2800	4176	5	12	15	18
subj_10_tessif_12_Post	E	207	596	1894	2486	2904	6	13	14	15
subj_10_tessif_3_Post	E	213	638	1906	2806	3042	6	13	15	16
subj_10_tessif_40_Post	E	216	611	1884	2830	3319	6	12	15	16
subj_10_tessif_AF2_13	E	224	529	1178	1855	3088	5	9	12	16
subj_10_tessif_AF2_29	E	238	429	1278	2518	4023	4	10	14	18
subj_10_tessif_AF2_38	E	231	440	1129	2506	3923	4	9	14	17
subj_10_tessif_MN1_34	E	259	302	979	2386	4188	3	8	14	18
subj_10_tessif_MN1_38	E	247	654	1155	2231	4225	6	9	14	18
subj_10_tessif_MN1_46	E	273	652	1087	2449	4281	6	9	14	18
subj_10_tessif_Pre_1	E	210	528	1977	2844	4199	5	13	15	18
subj_10_tessif_Pre_34	E	198	576	1987	2838	4252	6	13	15	18
subj_10_tessif_Pre_8	E	216	525	1944	2948	4293	5	13	16	18
subj_11_keggif_15_Post	E	220	546	2378	2877	4772	5	14	15	19
subj_11_keggif_24_Post	E	217	520	2174	2602	3198	5	13	15	16
subj_11_keggif_39_Post	E	214	578	2352	2740	4658	6	14	15	19
subj_11_keggif_AF2_22	E	261	690	2313	2847	4148	6	14	15	18
subj_11_keggif_AF2_27	E	218	612	2062	2718	4051	6	13	15	18
subj_11_keggif_AF2_37	E	223	660	2081	2815	4525	6	13	15	18
subj_11_keggif_MN1_11	E	242	719	2108	2653	3542	7	13	15	17
subj_11_keggif_MN1_14	E	239	637	2266	2851	4164	6	14	15	18
subj_11_keggif_MN1_37	E	246	692	2236	2724	4268	6	14	15	18
subj_11_keggif_Pre_23	E	221	562	2236	2891	4497	5	14	15	18
subj_11_keggif_Pre_44	E	219	583	2342	2903	4523	6	14	15	18
subj_11_keggif_Pre_7	E	213	551	2361	2945	4317	5	14	16	18
subj_11_peffif_16_Post	E	215	601	2147	3008	4522	6	13	16	18
subj_11_peffif_25_Post	E	219	590	2107	2938	4397	6	13	15	18
subj_11_peffif_38_Post	E	217	581	2090	2915	4468	6	13	15	18
subj_11_peffif_AF2_19	E	242	668	2144	2976	4607	6	13	16	19
subj_11_peffif_AF2_31	E	230	541	2175	2973	4602	5	13	16	19
subj_11_peffif_AF2_52	E	222	645	2263	2870	4238	6	14	15	18
subj_11_peffif_MN1_20	E	253	729	2075	2877	4112	7	13	15	18
subj_11_peffif_MN1_3	E	234	694	2106	2866	3325	7	13	15	16
subj_11_peffif_MN1_4	E	227	664	2173	2835	2918	6	13	15	15
subj_11_peffif_Pre_26	E	211	589	1971	2930	4438	6	13	15	18
subj_11_peffif_Pre_42	E	209	597	2185	2946	4376	6	13	16	18
subj_11_peffif_Pre_50	E	212	616	2226	3304	4283	5	14	16	18
subj_11_tessif_11_Post	E	216	474	2041	2873	4492	5	13	15	18
subj_11_tessif_30_Post	E	229	592	2125	3180	4955	6	13	16	19
subj_11_tessif_52_Post	E	214	452	1998	2566	3740	5	13	14	17
subj_11_tessif_AF2_34	E	214	538	2150	2959	4617	5	13	16	19
subj_11_tessif_AF2_42	E	223	557	2120	2953	4518	5	13	16	18
subj_11_tessif_AF2_46	E	227	598	2327	3170	4611	6	14	16	19
subj_11_tessif_MN1_6	E	229	643	2078	2950	4387	6	13	16	18
subj_11_tessif_MN1_8	E	232	677	2070	2936	4458	6	13	15	18
subj_11_tessif_MN1_9	E	231	649	2077	2964	4538	6	13	16	18
subj_11_tessif_Pre_1	E	187	536	2043	2971	4394	5	13	16	18
subj_11_tessif_Pre_45	E	208	590	2017	2886	4487	6	13	15	18
subj_11_tessif_Pre_47	E	214	554	2118	3082	4673	5	13	16	19
subj_14_keggif_18_Post	E	228	438	2287	2978	3653	4	14	16	17
subj_14_keggif_30_Post	E	224	390	1849	2912	3560	4	12	15	17
subj_14_keggif_42_Post	E	251	500	2108	3012	3537	5	13	16	17
subj_14_keggif_AF2_10	E	242	522	1118	2783	3162	5	9	15	16
subj_14_keggif_AF2_13	E	256	511	1551	2494	3276	5	11	14	16
subj_14_keggif_AF2_22	E	251	458	1468	2552	3150	5	11	15	16
subj_14_keggif_MN1_2	E	229	457	1344	2476	3097	5	10	14	16
subj_14_keggif_MN1_34	E	287	393	1002	3112	4114	4	9	16	18
subj_14_keggif_MN1_43	E	247	365	1353	2829	3986	4	10	15	18
subj_14_keggif_Pre_31	E	245	440	2018	2917	3693	4	13	15	17
subj_14_keggif_Pre_47	E	234	476	2364	3129	3621	5	14	16	17
subj_14_keggif_Pre_7	E	231	478	2160	2901	3582	5	13	15	17
subj_14_peffif_15_Post	E	242	539	1919	2993	3921	5	13	16	17
subj_14_peffif_20_Post	E	241	599	1262	2083	3193	6	10	13	16
subj_14_peffif_4_Post	E	244	590	2046	3118	4007	6	13	16	18
subj_14_peffif_AF2_21	E	275	699	1602	2710	3739	7	11	15	17
subj_14_peffif_AF2_42	E	262	665	1423	2665	3720	6	11	15	17
subj_14_peffif_AF2_45	E	139	472	1522	2950	4087	5	11	16	18
subj_14_peffif_MN1_10	E	256	495	1488	2765	4067	5	11	15	18
subj_14_peffif_MN1_20	E	235	451	1639	2939	4045	5	12	15	18
subj_14_peffif_MN1_48	E	281	400	1326	2809	3707	4	10	15	17
subj_14_peffif_Pre_1	E	221	632	1996	3099	4144	6	13	16	18
subj_14_peffif_Pre_21	E	234	457	2064	2597	3455	5	13	15	17
subj_14_peffif_Pre_52	E	247	493	2034	2995	4079	5	13	16	18
subj_14_tessif_14_Post	E	239	513	1904	3080	3948	5	13	16	18
subj_14_tessif_35_Post	E	248	494	1942	3015	3975	5	13	16	18
subj_14_tessif_51_Post	E	233	604	1979	3031	3926	6	13	16	17
subj_14_tessif_AF2_34	E	257	583	1756	2843	4135	6	12	15	18
subj_14_tessif_AF2_51	E	258	437	1465	2749	4072	4	11	15	18
subj_14_tessif_AF2_6	E	239	589	1587	3022	4052	6	11	16	18
subj_14_tessif_MN1_39	E	262	433	1320	2904	4145	4	10	15	18
subj_14_tessif_MN1_5	E	254	495	1604	2437	2977	5	11	14	16
subj_14_tessif_MN1_8	E	237	592	1562	3041	4083	6	11	16	18
subj_14_tessif_Pre_15	E	224	492	2022	3129	4182	5	13	16	18
subj_14_tessif_Pre_36	E	121	592	2081	3215	4141	6	13	16	18
subj_14_tessif_Pre_40	E	241	542	2064	3020	3974	5	13	16	18
subj_15_keggif_17_Post	E	187	722	2119	2739	3868	7	13	15	17
subj_15_keggif_18_Post	E	205	729	2161	2598	3838	7	13	15	17
subj_15_keggif_23_Post	E	168	673	2207	2995	4058	6	14	16	18
subj_15_keggif_AF2_30	E	163	830	1498	2311	2824	7	11	14	15
subj_15_keggif_AF2_52	E	215	782	1330	1869	3008	7	10	12	16
subj_15_keggif_AF2_7	E	216	910	1350	2105	2957	8	10	13	16
subj_15_keggif_MN1_25	E	251	944	1391	2302	3374	8	11	14	16
subj_15_keggif_MN1_30	E	287	926	1495	2292	3444	8	11	14	17
subj_15_keggif_MN1_35	E	224	895	1565	2443	3444	8	11	14	17
subj_15_keggif_Pre_28	E	273	807	2013	2512	3641	7	13	14	17
subj_15_keggif_Pre_3	E	256	765	1945	2516	3470	7	13	14	17
subj_15_keggif_Pre_51	E	237	770	2015	2573	4100	7	13	15	18
subj_15_peffif_27_Post	E	186	745	1991	2843	4107	7	13	15	18
subj_15_peffif_31_Post	E	167	747	1931	2792	4254	7	13	15	18
subj_15_peffif_42_Post	E	173	736	1901	2804	4078	7	13	15	18
subj_15_peffif_AF2_29	E	211	759	1461	2641	4018	7	11	15	18
subj_15_peffif_AF2_31	E	164	695	1525	2647	4272	6	11	15	18
subj_15_peffif_AF2_45	E	180	874	1643	2625	3545	8	12	15	17
subj_15_peffif_MN1_38	E	230	667	1361	2521	4128	6	10	14	18
subj_15_peffif_MN1_39	E	225	830	1402	2647	4245	7	11	15	18
subj_15_peffif_MN1_42	E	225	737	1393	2413	4048	7	11	14	18
subj_15_peffif_Pre_50	E	233	740	1840	2822	4190	7	12	15	18
subj_15_peffif_Pre_52	E	224	786	1962	2811	4244	7	13	15	18
subj_15_peffif_Pre_9	E	240	732	1871	2630	4270	7	12	15	18
subj_15_tessif_0_Post	E	194	663	2161	2897	4320	6	13	15	18
subj_15_tessif_25_Post	E	163	651	2095	3016	4275	6	13	16	18
subj_15_tessif_34_Post	E	162	701	2049	3006	4104	7	13	16	18
subj_15_tessif_AF2_27	E	237	941	1461	2537	2661	8	11	14	15
subj_15_tessif_AF2_42	E	187	910	1565	2310	2920	8	11	14	15
subj_15_tessif_AF2_51	E	202	900	1574	2254	3021	8	11	14	16
subj_15_tessif_MN1_21	E	297	917	1426	2421	3932	8	11	14	17
subj_15_tessif_MN1_32	E	207	705	1268	2502	4207	7	10	14	18
subj_15_tessif_MN1_50	E	224	900	1458	2613	4291	8	11	15	18
subj_15_tessif_Pre_38	E	227	803	1915	2887	4398	7	13	15	18
subj_15_tessif_Pre_41	E	249	714	2067	2954	4394	7	13	16	18
subj_15_tessif_Pre_47	E	249	735	2005	2897	4258	7	13	15	18
subj_17_keggif_10_Post	E	214	530	1946	2564	3742	5	13	15	17
subj_17_keggif_14_Post	E	213	482	1971	2436	3378	5	13	14	16
subj_17_keggif_35_Post	E	217	493	2008	2366	3667	5	13	14	17
subj_17_keggif_AF2_2	E	257	607	1613	2319	3699	6	11	14	17
subj_17_keggif_AF2_3	E	255	690	1611	2525	3838	6	11	14	17
subj_17_keggif_AF2_43	E	243	516	1450	2383	3653	5	11	14	17
subj_17_keggif_MN1_24	E	297	612	1496	2266	3722	6	11	14	17
subj_17_keggif_MN1_26	E	303	636	1503	2237	3881	6	11	14	17
subj_17_keggif_MN1_3	E	316	652	1577	2211	3799	6	11	14	17
subj_17_keggif_Pre_24	E	232	528	2103	2680	3777	5	13	15	17
subj_17_keggif_Pre_38	E	237	611	2138	2808	3969	6	13	15	18
subj_17_keggif_Pre_53	E	231	544	2043	2459	3693	5	13	14	17
subj_17_peffif_30_Post	E	221	574	1724	2743	4055	6	12	15	18
subj_17_peffif_53_Post	E	208	587	1665	2519	3872	6	12	14	17
subj_17_peffif_8_Post	E	219	604	1663	2641	3998	6	12	15	18
subj_17_peffif_AF2_11	E	239	564	1200	2709	3830	5	10	15	17
subj_17_peffif_AF2_20	E	270	556	1193	2899	3735	5	10	15	17
subj_17_peffif_AF2_27	E	254	751	1240	2624	2983	7	10	15	16
subj_17_peffif_MN1_0	E	318	774	1484	2533	4143	7	11	14	18
subj_17_peffif_MN1_39	E	304	638	1240	2629	3948	6	10	15	18
subj_17_peffif_MN1_7	E	320	699	1494	2317	4141	7	11	14	18
subj_17_peffif_Pre_25	E	229	650	1732	2710	4201	6	12	15	18
subj_17_peffif_Pre_3	E	230	639	1719	2706	4117	6	12	15	18
subj_17_peffif_Pre_4	E	218	635	1774	2776	4057	6	12	15	18
subj_17_tessif_15_Post	E	220	537	1634	2948	3786	5	12	16	17
subj_17_tessif_19_Post	E	223	570	1617	2896	3273	6	11	15	16
subj_17_tessif_42_Post	E	200	485	1623	2941	4497	5	12	16	18
subj_17_tessif_AF2_1	E	247	529	1487	2490	3681	5	11	14	17
subj_17_tessif_AF2_18	E	267	555	1357	2582	3681	5	10	15	17
subj_17_tessif_AF2_32	E	266	522	1395	2471	3627	5	11	14	17
subj_17_tessif_MN1_31	E	306	617	1492	2540	3658	6	11	15	17
subj_17_tessif_MN1_35	E	281	582	1382	2361	3872	6	10	14	17
subj_17_tessif_MN1_40	E	305	612	1272	2378	3600	6	10	14	17
subj_17_tessif_Pre_17	E	229	599	1804	2888	4353	6	12	15	18
subj_17_tessif_Pre_27	E	225	561	1781	2955	4140	5	12	16	18
subj_17_tessif_Pre_9	E	226	600	1810	2920	4212	6	12	15	18
subj_18_keggif_27_Post	E	232	661	2034	2841	3876	6	13	15	17
subj_18_keggif_3_Post	E	232	674	2039	2781	3622	6	13	15	17
subj_18_keggif_53_Post	E	276	691	2037	2686	3463	6	13	15	17
subj_18_keggif_AF2_33	E	225	648	2027	2754	3566	6	13	15	17
subj_18_keggif_AF2_42	E	235	638	2160	2824	3901	6	13	15	17
subj_18_keggif_AF2_47	E	269	659	2055	2666	3753	6	13	15	17
subj_18_keggif_MN1_31	E	287	652	2025	2657	3626	6	13	15	17
subj_18_keggif_MN1_8	E	293	676	2045	2741	3599	6	13	15	17
subj_18_keggif_Pre_17	E	229	561	2096	2780	3607	5	13	15	17
subj_18_keggif_Pre_3	E	220	647	2099	2670	3667	6	13	15	17
subj_18_keggif_Pre_8	E	202	608	2046	2738	3620	6	13	15	17
subj_18_peffif_28_Post	E	284	646	1893	2777	2904	6	13	15	15
subj_18_peffif_32_Post	E	285	659	1860	2584	3045	6	12	15	16
subj_18_peffif_36_Post	E	231	677	1884	2795	3557	6	12	15	17
subj_18_peffif_AF2_2	E	223	665	1882	2794	3405	6	12	15	17
subj_18_peffif_AF2_31	E	215	639	1871	2810	4048	6	12	15	18
subj_18_peffif_AF2_37	E	218	648	1861	2859	3318	6	12	15	16
subj_18_peffif_MN1_24	E	242	659	1859	2591	3595	6	12	15	17
subj_18_peffif_MN1_33	E	266	725	1842	2674	3476	7	12	15	17
subj_18_peffif_MN1_42	E	251	653	1982	2794	3577	6	13	15	17
subj_18_peffif_Pre_15	E	225	644	1858	2758	3687	6	12	15	17
subj_18_peffif_Pre_52	E	246	656	1893	2620	3646	6	13	15	17
subj_18_peffif_Pre_6	E	215	673	1844	2772	3789	6	12	15	17
subj_18_tessif_33_Post	E	239	647	2033	3050	3813	6	13	16	17
subj_18_tessif_45_Post	E	265	651	1890	2952	3735	6	13	16	17
subj_18_tessif_50_Post	E	237	451	2132	2876	4357	5	13	15	18
subj_18_tessif_AF2_14	E	224	617	1958	2920	3061	6	13	15	16
subj_18_tessif_AF2_48	E	223	618	1973	2997	3557	6	13	16	17
subj_18_tessif_AF2_52	E	264	621	1806	2934	3774	6	12	15	17
subj_18_tessif_MN1_14	E	258	682	2004	2965	3457	6	13	16	17
subj_18_tessif_MN1_4	E	266	671	1835	2849	3703	6	12	15	17
subj_18_tessif_MN1_43	E	282	653	1930	2991	3414	6	13	16	17
subj_18_tessif_Pre_39	E	203	628	1982	2929	3425	6	13	15	17
subj_18_tessif_Pre_41	E	197	557	1967	3094	3490	5	13	16	17
subj_18_tessif_Pre_44	E	247	561	1946	3049	4199	5	13	16	18
subj_19_keggif_15_Post	E	231	449	1943	2744	3793	5	13	15	17
subj_19_keggif_35_Post	E	217	527	2049	2828	3797	5	13	15	17
subj_19_keggif_50_Post	E	217	512	1881	2075	3751	5	12	13	17
subj_19_keggif_AF2_12	E	242	485	1399	2615	3624	5	11	15	17
subj_19_keggif_AF2_20	E	234	473	1401	2561	4050	5	11	15	18
subj_19_keggif_AF2_28	E	231	435	1337	2589	4203	4	10	15	18
subj_19_keggif_MN1_12	E	274	719	1443	2558	3250	7	11	15	16
subj_19_keggif_MN1_32	E	276	684	1436	2514	3630	6	11	14	17
subj_19_keggif_MN1_44	E	273	696	1550	2488	3483	7	11	14	17
subj_19_keggif_Pre_1	E	222	483	1983	2855	3937	5	13	15	17
subj_19_keggif_Pre_17	E	216	474	2009	3060	4152	5	13	16	18
subj_19_keggif_Pre_45	E	220	454	1989	2437	3729	5	13	14	17
subj_19_peffif_18_Post	E	211	587	1869	2913	3315	6	12	15	16
subj_19_peffif_42_Post	E	217	541	1928	2783	3405	5	13	15	16
subj_19_peffif_44_Post	E	212	589	1883	3050	3536	6	12	16	17
subj_19_peffif_AF2_33	E	220	600	1445	2634	3892	6	11	15	17
subj_19_peffif_AF2_45	E	217	614	1482	2509	3437	6	11	14	17
subj_19_peffif_AF2_49	E	230	542	1367	2669	3457	5	10	15	17
subj_19_peffif_MN1_17	E	260	631	1541	2544	3492	6	11	15	17
subj_19_peffif_MN1_28	E	249	606	1491	2492	3554	6	11	14	17
subj_19_peffif_MN1_33	E	280	742	1389	2451	3634	7	11	14	17
subj_19_peffif_Pre_18	E	218	490	1647	2859	3927	5	12	15	17
subj_19_peffif_Pre_28	E	210	514	1758	2816	3972	5	12	15	18
subj_19_peffif_Pre_50	E	224	469	1698	2634	3841	5	12	15	17
subj_19_tessif_25_Post	E	218	503	1976	2969	3373	5	13	16	16
subj_19_tessif_27_Post	E	216	535	1948	2911	4087	5	13	15	18
subj_19_tessif_43_Post	E	224	437	1740	2932	4144	4	12	15	18
subj_19_tessif_AF2_18	E	200	569	1402	2599	3889	6	11	15	17
subj_19_tessif_AF2_19	E	228	448	1568	2502	3599	5	11	14	17
subj_19_tessif_AF2_27	E	234	453	1403	2601	3816	5	11	15	17
subj_19_tessif_MN1_15	E	254	601	1505	2560	3577	6	11	15	17
subj_19_tessif_MN1_16	E	259	570	1558	2539	3463	6	11	15	17
subj_19_tessif_MN1_46	E	270	642	1419	2472	3569	6	11	14	17
subj_19_tessif_Pre_15	E	221	451	1754	2838	3718	5	12	15	17
subj_19_tessif_Pre_33	E	221	448	1781	2884	4155	5	12	15	18
subj_19_tessif_Pre_44	E	206	475	1772	2887	4126	5	12	15	18
subj_1_keggif_18_Post	E	164	702	2199	2330	3035	7	14	14	16
subj_1_keggif_24_Post	E	247	723	2064	2563	3338	7	13	15	16
subj_1_keggif_38_Post	E	245	719	2196	2734	3348	7	14	15	16
subj_1_keggif_AF2_13	E	251	693	2217	2657	3617	6	14	15	17
subj_1_keggif_AF2_2	E	249	698	2077	2506	3399	7	13	14	16
subj_1_keggif_AF2_46	E	129	628	2257	2338	3417	6	14	14	17
subj_1_keggif_MN1_21	E	278	743	2180	2720	3551	7	13	15	17
subj_1_keggif_MN1_23	E	283	759	2095	2739	3413	7	13	15	17
subj_1_keggif_MN1_33	E	275	738	1988	2697	3583	7	13	15	17
subj_1_keggif_Pre_5	E	246	656	2103	2694	3538	6	13	15	17
subj_1_keggif_Pre_6	E	251	696	2029	2532	3645	7	13	14	17
subj_1_keggif_Pre_7	E	239	591	2211	2545	4304	6	14	15	18
subj_1_peffif_45_Post	E	236	687	1815	2698	3597	6	12	15	17
subj_1_peffif_47_Post	E	246	701	1893	2748	3913	7	13	15	17
subj_1_peffif_AF2_14	E	255	718	2045	2642	3639	7	13	15	17
subj_1_peffif_AF2_27	E	256	650	1775	2647	3768	6	12	15	17
subj_1_peffif_AF2_48	E	257	728	1910	2748	3792	7	13	15	17
subj_1_peffif_MN1_1	E	278	719	1845	2774	3807	7	12	15	17
subj_1_peffif_MN1_12	E	282	709	1839	2754	3578	7	12	15	17
subj_1_peffif_MN1_36	E	150	793	1871	2685	3340	7	12	15	16
subj_1_peffif_Pre_15	E	248	659	1728	2795	4127	6	12	15	18
subj_1_peffif_Pre_38	E	242	675	1907	2915	4227	6	13	15	18
subj_1_tessif_14_Post	E	257	746	2129	2899	4377	7	13	15	18
subj_1_tessif_50_Post	E	248	717	1962	2975	4079	7	13	16	18
subj_1_tessif_6_Post	E	267	544	1939	2945	4210	5	13	16	18
subj_1_tessif_AF2_17	E	124	648	1952	3010	4307	6	13	16	18
subj_1_tessif_AF2_43	E	260	640	1550	2749	3582	6	11	15	17
subj_1_tessif_AF2_8	E	252	650	1994	2681	3349	6	13	15	16
subj_1_tessif_MN1_15	E	283	753	1839	2886	3382	7	12	15	16
subj_1_tessif_MN1_3	E	265	723	1887	2821	3486	7	13	15	17
subj_1_tessif_MN1_45	E	286	644	1841	2825	3415	6	12	15	17
subj_1_tessif_Pre_10	E	238	688	1941	2993	4493	6	13	16	18
subj_1_tessif_Pre_14	E	248	682	1827	2748	4067	6	12	15	18
subj_1_tessif_Pre_46	E	252	687	2097	3032	4513	6	13	16	18
subj_20_keggif_5_Post	E	236	613	2116	3076	4261	6	13	16	18
subj_20_keggif_6_Post	E	238	632	2142	3138	3842	6	13	16	17
subj_20_keggif_7_Post	E	229	606	2108	2917	3946	6	13	15	18
subj_20_keggif_AF2_25	E	248	570	2168	2890	3780	6	13	15	17
subj_20_keggif_AF2_33	E	295	662	2106	2898	4005	6	13	15	18
subj_20_keggif_AF2_7	E	260	611	1936	2416	3757	6	13	14	17
subj_20_keggif_MN1_20	E	244	686	2050	2853	3804	6	13	15	17
subj_20_keggif_MN1_49	E	256	772	2009	2880	3668	7	13	15	17
subj_20_keggif_MN1_53	E	265	782	2094	2948	3733	7	13	16	17
subj_20_keggif_Pre_1	E	241	535	2200	2689	3756	5	14	15	17
subj_20_keggif_Pre_26	E	235	536	2187	2734	3887	5	13	15	17
subj_20_keggif_Pre_30	E	245	529	2106	2806	3655	5	13	15	17
subj_20_peffif_18_Post	E	242	650	2065	2953	4028	6	13	16	18
subj_20_peffif_36_Post	E	285	621	2001	3112	4152	6	13	16	18
subj_20_peffif_42_Post	E	259	477	1990	3260	4186	5	13	16	18
subj_20_peffif_AF2_34	E	242	660	1996	2878	4122	6	13	15	18
subj_20_peffif_AF2_4	E	241	682	1980	2826	4136	6	13	15	18
subj_20_peffif_AF2_47	E	235	646	2032	2949	4064	6	13	16	18
subj_20_peffif_MN1_31	E	268	825	1985	2845	4010	7	13	15	18
subj_20_peffif_MN1_32	E	245	666	1951	2852	3933	6	13	15	18
subj_20_peffif_MN1_37	E	276	597	2008	2980	4093	6	13	16	18
subj_20_peffif_Pre_15	E	224	618	1999	2888	3991	6	13	15	18
subj_20_peffif_Pre_17	E	232	627	1982	2839	4083	6	13	15	18
subj_20_peffif_Pre_33	E	233	661	2008	2948	4026	6	13	16	18
subj_20_tessif_0_Post	E	242	589	1972	3018	4176	6	13	16	18
subj_20_tessif_45_Post	E	264	649	2098	3124	4391	6	13	16	18
subj_20_tessif_50_Post	E	240	657	2082	3114	4152	6	13	16	18
subj_20_tessif_AF2_29	E	262	563	2061	3131	4189	5	13	16	18
subj_20_tessif_AF2_32	E	246	565	1990	3031	4138	5	13	16	18
subj_20_tessif_AF2_45	E	234	581	2053	3050	4123	6	13	16	18
subj_20_tessif_MN1_41	E	252	624	1979	2972	4077	6	13	16	18
subj_20_tessif_MN1_46	E	250	676	1979	2991	4034	6	13	16	18
subj_20_tessif_MN1_47	E	267	736	1955	2911	3994	7	13	15	18
subj_20_tessif_Pre_12	E	240	561	2036	2903	4099	5	13	15	18
subj_20_tessif_Pre_31	E	242	602	1987	3005	4114	6	13	16	18
subj_20_tessif_Pre_4	E	263	741	2074	3090	4188	7	13	16	18
subj_21_keggif_49_Post	E	266	723	1994	2673	3673	7	13	15	17
subj_21_keggif_6_Post	E	278	552	2127	2724	3716	5	13	15	17
subj_21_keggif_8_Post	E	191	546	1966	2742	3507	5	13	15	17
subj_21_keggif_AF2_21	E	209	552	2062	2755	3736	5	13	15	17
subj_21_keggif_AF2_29	E	229	551	1995	2725	3715	5	13	15	17
subj_21_keggif_MN1_23	E	280	718	1923	2729	3717	7	13	15	17
subj_21_keggif_MN1_46	E	245	674	1947	2740	3700	6	13	15	17
subj_21_keggif_MN1_9	E	283	630	1782	2734	3303	6	12	15	16
subj_21_keggif_Pre_36	E	249	615	1928	2755	3609	6	13	15	17
subj_21_keggif_Pre_46	E	241	629	1981	2721	3593	6	13	15	17
subj_21_keggif_Pre_49	E	195	658	1988	2785	3592	6	13	15	17
subj_21_peffif_21_Post	E	232	644	1892	2820	3951	6	13	15	18
subj_21_peffif_5_Post	E	186	594	1909	2858	4155	6	13	15	18
subj_21_peffif_7_Post	E	246	584	1834	2821	4135	6	12	15	18
subj_21_peffif_AF2_20	E	259	668	1855	2775	3888	6	12	15	17
subj_21_peffif_AF2_45	E	224	642	1861	2796	4013	6	12	15	18
subj_21_peffif_AF2_47	E	223	557	1981	2761	4015	5	13	15	18
subj_21_peffif_MN1_22	E	272	765	1843	2768	3466	7	12	15	17
subj_21_peffif_MN1_27	E	260	785	1806	2736	3932	7	12	15	17
subj_21_peffif_MN1_45	E	281	633	1692	2811	4030	6	12	15	18
subj_21_peffif_Pre_22	E	237	635	1895	2760	4049	6	13	15	18
subj_21_peffif_Pre_23	E	236	588	1803	2759	3926	6	12	15	17
subj_21_peffif_Pre_48	E	286	633	1804	2840	3851	6	12	15	17
subj_21_tessif_1_Post	E	202	552	1821	2940	3829	5	12	16	17
subj_21_tessif_22_Post	E	245	508	1898	2956	4089	5	13	16	18
subj_21_tessif_47_Post	E	256	608	1800	2954	4075	6	12	16	18
subj_21_tessif_AF2_2	E	204	600	1858	2868	4060	6	12	15	18
subj_21_tessif_AF2_35	E	217	433	1910	2983	4100	4	13	16	18
subj_21_tessif_AF2_49	E	219	492	1972	3009	3816	5	13	16	17
subj_21_tessif_MN1_25	E	281	589	1816	2851	3337	6	12	15	16
subj_21_tessif_MN1_41	E	275	763	1863	2083	3187	7	12	13	16
subj_21_tessif_MN1_5	E	288	632	1727	2884	3621	6	12	15	17
subj_21_tessif_Pre_37	E	246	521	1949	2972	4099	5	13	16	18
subj_21_tessif_Pre_50	E	246	484	1784	2914	3994	5	12	15	18
subj_21_tessif_Pre_7	E	247	507	1870	2983	4036	5	12	16	18
subj_22_keggif_13_Post	E	230	583	2154	2576	4307	6	13	15	18
subj_22_keggif_27_Post	E	222	601	2180	2521	4268	6	13	14	18
subj_22_keggif_7_Post	E	235	595	2136	2684	4314	6	13	15	18
subj_22_keggif_AF2_10	E	227	643	1557	2623	3747	6	11	15	17
subj_22_keggif_AF2_11	E	226	626	1558	2543	3814	6	11	15	17
subj_22_keggif_AF2_34	E	238	577	1309	2548	3436	6	10	15	17
subj_22_keggif_MN1_31	E	292	738	1488	2411	3582	7	11	14	17
subj_22_keggif_MN1_36	E	287	647	1427	2480	3661	6	11	14	17
subj_22_keggif_MN1_9	E	282	734	1478	2731	3245	7	11	15	16
subj_22_keggif_Pre_12	E	236	581	2231	2606	4148	6	14	15	18
subj_22_keggif_Pre_13	E	234	629	2126	2690	4260	6	13	15	18
subj_22_keggif_Pre_40	E	231	560	2298	2764	4172	5	14	15	18
subj_22_peffif_34_Post	E	216	598	2024	3080	4273	6	13	16	18
subj_22_peffif_45_Post	E	214	607	1934	2995	4229	6	13	16	18
subj_22_peffif_50_Post	E	225	628	2006	2965	4186	6	13	16	18
subj_22_peffif_AF2_37	E	219	402	1420	2411	3700	4	11	14	17
subj_22_peffif_MN1_10	E	267	671	1535	2694	3559	6	11	15	17
subj_22_peffif_MN1_38	E	287	620	1499	2485	3713	6	11	14	17
subj_22_peffif_MN1_51	E	268	389	1348	2347	3750	4	10	14	17
subj_22_peffif_Pre_16	E	239	619	1993	3086	4301	6	13	16	18
subj_22_peffif_Pre_46	E	230	621	2043	3036	4303	6	13	16	18
subj_22_tessif_12_Post	E	230	627	2060	3222	4394	6	13	16	18
subj_22_tessif_20_Post	E	218	582	2116	3196	4550	6	13	16	19
subj_22_tessif_44_Post	E	220	493	2022	3195	4138	5	13	16	18
subj_22_tessif_AF2_14	E	246	574	1541	2613	3765	6	11	15	17
subj_22_tessif_AF2_23	E	229	580	1585	2989	3710	6	11	16	17
subj_22_tessif_AF2_52	E	244	598	1616	2572	4429	6	11	15	18
subj_22_tessif_MN1_21	E	274	704	1379	2504	3599	7	10	14	17
subj_22_tessif_MN1_50	E	283	667	1433	2376	3648	6	11	14	17
subj_22_tessif_Pre_26	E	244	634	2051	3088	3311	6	13	16	16
subj_22_tessif_Pre_49	E	226	549	2037	3239	4055	5	13	16	18
subj_22_tessif_Pre_6	E	233	445	2314	3143	4411	4	14	16	18
subj_23_keggif_45_Post	E	284	797	1937	2439	3775	7	13	14	17
subj_23_keggif_51_Post	E	285	797	1784	2015	3441	7	12	13	17
subj_23_keggif_7_Post	E	303	788	2102	2448	3394	7	13	14	16
subj_23_keggif_AF2_33	E	281	903	1571	1923	3747	8	11	13	17
subj_23_keggif_AF2_49	E	299	759	2095	2465	4299	7	13	14	18
subj_23_keggif_AF2_5	E	289	845	1985	2611	3934	8	13	15	18
subj_23_keggif_MN1_20	E	350	1027	1999	2774	3968	9	13	15	17
subj_23_keggif_MN1_40	E	366	1060	2209	2456	3892	9	14	14	17
subj_23_keggif_MN1_41	E	343	1022	2042	2690	3906	9	13	15	17
subj_23_keggif_Pre_34	E	285	835	1618	2401	3027	7	11	14	16
subj_23_keggif_Pre_35	E	272	871	2293	2863	3102	8	14	15	16
subj_23_keggif_Pre_43	E	278	831	1987	2897	4222	7	13	15	18
subj_23_peffif_1_Post	E	293	750	1617	2561	4095	7	11	15	18
subj_23_peffif_48_Post	E	289	806	1934	2611	3981	7	13	15	18
subj_23_peffif_53_Post	E	282	771	1891	1959	3778	7	13	13	17
subj_23_peffif_AF2_13	E	295	813	1777	2622	3905	7	12	15	17
subj_23_peffif_AF2_3	E	286	833	1908	3326	4115	7	13	16	18
subj_23_peffif_AF2_8	E	304	852	2012	2666	4011	8	13	15	18
subj_23_peffif_MN1_16	E	359	1106	1840	2411	3849	9	12	14	17
subj_23_peffif_MN1_38	E	363	1010	1797	2480	3937	9	12	14	18
subj_23_peffif_MN1_7	E	325	912	1671	2598	3942	8	12	15	18
subj_23_peffif_Pre_16	E	276	837	1805	2772	4246	7	12	15	18
subj_23_peffif_Pre_18	E	244	808	1791	2505	3973	7	12	14	18
subj_23_peffif_Pre_4	E	264	661	1434	2527	3835	6	11	14	17
subj_23_tessif_11_Post	E	297	863	1926	2850	4288	8	13	15	18
subj_23_tessif_35_Post	E	303	834	2023	2699	4116	7	13	15	18
subj_23_tessif_40_Post	E	285	793	1831	2980	4051	7	12	16	18
subj_23_tessif_AF2_37	E	278	851	1874	2781	3953	8	12	15	17
subj_23_tessif_AF2_46	E	294	779	1923	2919	4159	7	13	15	18
subj_23_tessif_AF2_51	E	288	793	1584	2496	4005	7	11	14	18
subj_23_tessif_MN1_33	E	342	1024	1984	3044	4245	9	13	16	18
subj_23_tessif_MN1_43	E	364	1046	2003	2998	4240	9	13	16	18
subj_23_tessif_MN1_49	E	359	1059	2118	3137	4198	9	13	16	18
subj_23_tessif_Pre_10	E	268	876	1781	2893	4183	8	12	15	18
subj_23_tessif_Pre_2	E	266	1028	2302	2645	4130	9	14	15	18
subj_23_tessif_Pre_3	E	256	611	1427	2619	3954	6	11	15	18
subj_26_keggif_15_Post	E	259	660	2090	2449	4086	6	13	14	18
subj_26_keggif_41_Post	E	287	717	2059	2621	4075	7	13	15	18
subj_26_keggif_46_Post	E	265	691	1845	2182	4190	6	12	13	18
subj_26_keggif_AF2_34	E	259	713	1801	2423	4214	7	12	14	18
subj_26_keggif_AF2_41	E	274	852	2075	2467	3553	8	13	14	17
subj_26_keggif_AF2_52	E	267	854	2024	2274	4077	8	13	14	18
subj_26_keggif_MN1_0	E	284	868	1969	2288	4048	8	13	14	18
subj_26_keggif_MN1_2	E	284	806	1968	2070	4058	7	13	13	18
subj_26_keggif_MN1_45	E	282	685	1959	2369	4149	6	13	14	18
subj_26_keggif_Pre_17	E	252	631	2001	2326	3901	6	13	14	17
subj_26_keggif_Pre_20	E	247	653	1933	2626	4098	6	13	15	18
subj_26_keggif_Pre_45	E	252	642	1989	2167	4040	6	13	13	18
subj_26_peffif_11_Post	E	277	819	1501	2713	3856	7	11	15	17
subj_26_peffif_48_Post	E	270	783	1755	2699	4016	7	12	15	18
subj_26_peffif_5_Post	E	274	761	1668	2706	4026	7	12	15	18
subj_26_peffif_AF2_19	E	260	589	1645	2700	3952	6	12	15	18
subj_26_peffif_AF2_24	E	261	778	1627	2599	3941	7	12	15	18
subj_26_peffif_AF2_6	E	270	711	1656	2681	4026	7	12	15	18
subj_26_peffif_MN1_40	E	262	591	1612	2181	3841	6	11	13	17
subj_26_peffif_MN1_47	E	271	800	1622	2604	4056	7	12	15	18
subj_26_peffif_MN1_9	E	267	726	1704	2624	4047	7	12	15	18
subj_26_peffif_Pre_29	E	244	724	1664	2645	4075	7	12	15	18
subj_26_peffif_Pre_41	E	257	757	1652	2644	4162	7	12	15	18
subj_26_peffif_Pre_47	E	248	656	1891	2754	4184	6	13	15	18
subj_26_tessif_10_Post	E	283	659	1921	3271	4469	6	13	16	18
subj_26_tessif_38_Post	E	288	744	1793	2766	4070	7	12	15	18
subj_26_tessif_9_Post	E	269	676	1683	2982	4286	6	12	16	18
subj_26_tessif_AF2_13	E	258	708	1625	2724	4124	7	12	15	18
subj_26_tessif_AF2_28	E	189	777	1675	2768	3734	7	12	15	17
subj_26_tessif_AF2_44	E	273	904	1544	2754	3816	8	11	15	17
subj_26_tessif_MN1_20	E	263	772	1500	2723	3783	7	11	15	17
subj_26_tessif_MN1_35	E	263	569	1397	2729	4224	6	11	15	18
subj_26_tessif_MN1_50	E	271	708	1642	2693	4092	7	12	15	18
subj_26_tessif_Pre_25	E	245	709	1736	2944	4268	7	12	16	18
subj_26_tessif_Pre_27	E	251	655	1691	2832	3780	6	12	15	17
subj_26_tessif_Pre_42	E	255	691	1754	2882	4128	6	12	15	18
subj_27_keggif_0_Post	E	262	576	2068	2631	3737	6	13	15	17
subj_27_keggif_45_Post	E	237	632	1891	2688	3786	6	13	15	17
subj_27_keggif_AF2_13	E	267	496	2060	2700	3821	5	13	15	17
subj_27_keggif_AF2_22	E	259	517	2036	2608	3899	5	13	15	17
subj_27_keggif_AF2_29	E	242	525	1982	2483	3457	5	13	14	17
subj_27_keggif_MN1_29	E	273	772	2066	2662	3412	7	13	15	17
subj_27_keggif_MN1_42	E	250	651	1980	2819	3770	6	13	15	17
subj_27_keggif_MN1_46	E	268	753	2052	2666	3674	7	13	15	17
subj_27_keggif_Pre_24	E	259	522	2009	2517	3677	5	13	14	17
subj_27_keggif_Pre_37	E	263	564	2053	2495	3662	5	13	14	17
subj_27_keggif_Pre_42	E	259	666	2000	2624	3613	6	13	15	17
subj_27_peffif_21_Post	E	265	598	1644	2630	3401	6	12	15	16
subj_27_peffif_2_Post	E	259	587	1725	2602	3458	6	12	15	17
subj_27_peffif_AF2_10	E	267	719	1953	2775	3733	7	13	15	17
subj_27_peffif_AF2_52	E	257	608	1783	2756	3840	6	12	15	17
subj_27_peffif_AF2_6	E	274	622	1807	2731	3995	6	12	15	18
subj_27_peffif_MN1_19	E	293	829	1756	2628	3297	7	12	15	16
subj_27_peffif_MN1_31	E	302	870	1759	2720	3556	8	12	15	17
subj_27_peffif_MN1_38	E	282	1115	1825	2917	3600	9	12	15	17
subj_27_peffif_Pre_31	E	262	564	1664	2606	3703	5	12	15	17
subj_27_peffif_Pre_45	E	277	665	1772	2734	3556	6	12	15	17
subj_27_peffif_Pre_52	E	278	691	1890	2809	3838	6	13	15	17
subj_27_tessif_13_Post	E	257	574	1831	2809	3810	6	12	15	17
subj_27_tessif_22_Post	E	257	570	1879	2921	3888	6	12	15	17
subj_27_tessif_4_Post	E	260	481	1831	2828	3963	5	12	15	18
subj_27_tessif_AF2_30	E	259	537	1772	2603	3695	5	12	15	17
subj_27_tessif_AF2_31	E	257	469	1874	2633	3793	5	12	15	17
subj_27_tessif_AF2_49	E	263	478	1809	2961	4043	5	12	16	18
subj_27_tessif_MN1_21	E	265	735	1888	2643	3148	7	13	15	16
subj_27_tessif_MN1_41	E	268	553	1885	2870	3718	5	13	15	17
subj_27_tessif_MN1_45	E	281	680	1921	2775	3501	6	13	15	17
subj_27_tessif_Pre_17	E	253	495	1974	2885	3865	5	13	15	17
subj_27_tessif_Pre_32	E	259	532	1833	2709	3607	5	12	15	17
subj_27_tessif_Pre_39	E	262	558	2038	2988	4180	5	13	16	18
subj_28_keggif_13_Post	E	220	288	1687	2593	3779	3	12	15	17
subj_28_keggif_14_Post	E	203	412	2072	2582	3681	4	13	15	17
subj_28_keggif_5_Post	E	191	453	1901	2577	3778	5	13	15	17
subj_28_keggif_AF2_11	E	212	555	1164	2486	3812	5	9	14	17
subj_28_keggif_AF2_24	E	206	529	1370	2680	4127	5	10	15	18
subj_28_keggif_AF2_33	E	234	513	1252	2345	4162	5	10	14	18
subj_28_keggif_MN1_30	E	262	575	1237	2456	3464	6	10	14	17
subj_28_keggif_MN1_34	E	285	674	1213	2393	3405	6	10	14	16
subj_28_keggif_MN1_38	E	267	1099	1265	2515	3625	9	10	14	17
subj_28_keggif_Pre_1	E	195	542	2517	2909	4241	5	14	15	18
subj_28_keggif_Pre_21	E	188	451	2438	3104	4236	5	14	16	18
subj_28_keggif_Pre_52	E	182	309	2029	2552	4093	3	13	15	18
subj_28_peffif_12_Post	E	190	561	1755	2868	4219	5	12	15	18
subj_28_peffif_4_Post	E	192	484	1532	2589	4064	5	11	15	18
subj_28_peffif_51_Post	E	217	501	1605	2724	4082	5	11	15	18
subj_28_peffif_AF2_37	E	220	414	1317	2295	4205	4	10	14	18
subj_28_peffif_AF2_39	E	220	542	1206	2240	3530	5	10	14	17
subj_28_peffif_AF2_46	E	202	424	1173	2321	4193	4	9	14	18
subj_28_peffif_MN1_22	E	258	544	1274	2518	3670	5	10	14	17
subj_28_peffif_MN1_29	E	276	562	1151	2462	3624	5	9	14	17
subj_28_peffif_MN1_33	E	264	591	1214	2280	3347	6	10	14	16
subj_28_peffif_Pre_23	E	189	458	1895	2520	4137	5	12	14	18
subj_28_peffif_Pre_33	E	203	563	2125	2840	4321	5	13	15	18
subj_28_peffif_Pre_46	E	208	535	1583	2650	4018	5	11	15	18
subj_28_tessif_38_Post	E	178	420	1822	2802	4306	4	12	15	18
subj_28_tessif_45_Post	E	217	496	1711	2802	4565	5	12	15	19
subj_28_tessif_8_Post	E	187	348	1497	2664	4209	4	11	15	18
subj_28_tessif_AF2_23	E	215	508	1417	2372	4179	5	11	14	18
subj_28_tessif_AF2_27	E	220	458	1348	2619	4189	5	10	15	18
subj_28_tessif_AF2_28	E	223	495	1305	2509	4011	5	10	14	18
subj_28_tessif_MN1_1	E	240	706	1511	2407	3046	7	11	14	16
subj_28_tessif_MN1_46	E	265	607	1309	2226	3346	6	10	14	16
subj_28_tessif_MN1_47	E	256	628	1392	2565	3687	6	11	15	17
subj_28_tessif_Pre_16	E	191	469	1911	2829	4417	5	13	15	18
subj_28_tessif_Pre_45	E	206	487	2129	2908	4426	5	13	15	18
subj_28_tessif_Pre_9	E	193	550	2272	2978	4567	5	14	16	19
subj_30_keggif_16_Post	E	249	563	2012	2670	3664	5	13	15	17
subj_30_keggif_46_Post	E	267	578	1830	2721	3203	6	12	15	16
subj_30_keggif_6_Post	E	247	640	1934	2771	3298	6	13	15	16
subj_30_keggif_AF2_18	E	249	579	1970	2593	3134	6	13	15	16
subj_30_keggif_AF2_42	E	268	626	1843	2643	3153	6	12	15	16
subj_30_keggif_AF2_6	E	257	563	2051	2536	3221	5	13	14	16
subj_30_keggif_MN1_11	E	286	680	1999	2663	3122	6	13	15	16
subj_30_keggif_MN1_31	E	280	618	1977	2737	3207	6	13	15	16
subj_30_keggif_MN1_33	E	263	712	2101	3042	3222	7	13	16	16
subj_30_keggif_Pre_16	E	259	641	1996	2856	3383	6	13	15	16
subj_30_keggif_Pre_20	E	233	616	1931	2680	3124	6	13	15	16
subj_30_keggif_Pre_8	E	232	549	2089	2840	3238	5	13	15	16
subj_30_peffif_14_Post	E	271	714	1828	2850	3213	7	12	15	16
subj_30_peffif_1_Post	E	252	733	1959	2802	2902	7	13	15	15
subj_30_peffif_41_Post	E	238	597	1695	2855	3139	6	12	15	16
subj_30_peffif_AF2_11	E	254	749	1804	2999	3262	7	12	16	16
subj_30_peffif_AF2_19	E	234	670	1591	2380	3046	6	11	14	16
subj_30_peffif_AF2_27	E	243	702	1652	2443	3098	7	12	14	16
subj_30_peffif_MN1_0	E	298	738	1776	2889	3193	7	12	15	16
subj_30_peffif_MN1_3	E	269	782	1847	2787	3218	7	12	15	16
subj_30_peffif_MN1_51	E	297	764	1828	2802	3394	7	12	15	16
subj_30_peffif_Pre_21	E	241	661	1692	2642	3115	6	12	15	16
subj_30_peffif_Pre_31	E	233	650	1597	2691	3110	6	11	15	16
subj_30_peffif_Pre_42	E	257	718	1800	2794	3242	7	12	15	16
subj_30_tessif_28_Post	E	246	612	1821	2695	3032	6	12	15	16
subj_30_tessif_42_Post	E	258	638	1754	2932	3117	6	12	15	16
subj_30_tessif_48_Post	E	237	625	1846	3009	3451	6	12	16	17
subj_30_tessif_AF2_20	E	242	560	1630	2323	3100	5	12	14	16
subj_30_tessif_AF2_3	E	253	559	1722	2563	3221	5	12	15	16
subj_30_tessif_AF2_46	E	265	607	1949	2337	3125	6	13	14	16
subj_30_tessif_MN1_16	E	273	713	1806	2502	2991	7	12	14	16
subj_30_tessif_MN1_2	E	302	735	1672	2587	3061	7	12	15	16
subj_30_tessif_MN1_22	E	276	638	1702	2672	3201	6	12	15	16
subj_30_tessif_Pre_11	E	229	514	1649	2673	3107	5	12	15	16
subj_30_tessif_Pre_26	E	236	650	1802	2849	3210	6	12	15	16
subj_30_tessif_Pre_39	E	237	505	1719	2663	2995	5	12	15	16
subj_31_keggif_16_Post	E	303	689	2121	2896	4225	6	13	15	18
subj_31_keggif_42_Post	E	283	736	2090	2623	3874	7	13	15	17
subj_31_keggif_51_Post	E	304	743	2127	2739	3982	7	13	15	18
subj_31_keggif_AF2_15	E	285	657	2221	2875	4082	6	14	15	18
subj_31_keggif_AF2_28	E	272	790	2172	2831	4165	7	13	15	18
subj_31_keggif_AF2_37	E	159	780	2150	2822	4260	7	13	15	18
subj_31_keggif_MN1_11	E	304	793	2136	2781	3963	7	13	15	18
subj_31_keggif_MN1_30	E	327	770	2056	2668	3989	7	13	15	18
subj_31_keggif_MN1_50	E	359	748	2132	2805	4100	7	13	15	18
subj_31_keggif_Pre_0	E	262	596	2154	3033	4163	6	13	16	18
subj_31_keggif_Pre_1	E	252	596	2248	3026	4238	6	14	16	18
subj_31_keggif_Pre_24	E	278	757	2204	2895	4066	7	14	15	18
subj_31_peffif_30_Post	E	315	815	1956	3130	4225	7	13	16	18
subj_31_peffif_36_Post	E	301	726	1947	3014	4278	7	13	16	18
subj_31_peffif_8_Post	E	296	748	1931	3023	4186	7	13	16	18
subj_31_peffif_AF2_13	E	130	777	1948	3089	4245	7	13	16	18
subj_31_peffif_AF2_14	E	260	779	2019	3131	4188	7	13	16	18
subj_31_peffif_AF2_3	E	130	769	1878	3073	4187	7	12	16	18
subj_31_peffif_MN1_0	E	330	907	1969	3077	4052	8	13	16	18
subj_31_peffif_MN1_34	E	335	938	1963	2995	4052	8	13	16	18
subj_31_peffif_MN1_51	E	346	798	1927	3024	4183	7	13	16	18
subj_31_peffif_Pre_3	E	262	834	2035	3145	4274	7	13	16	18
subj_31_peffif_Pre_32	E	293	711	2029	3169	4216	7	13	16	18
subj_31_peffif_Pre_40	E	138	791	2058	3094	4175	7	13	16	18
subj_31_tessif_15_Post	E	308	698	1793	2404	3486	7	12	14	17
subj_31_tessif_47_Post	E	306	764	2061	3130	4210	7	13	16	18
subj_31_tessif_52_Post	E	303	714	2080	3094	3970	7	13	16	18
subj_31_tessif_AF2_29	E	141	777	2021	3147	4138	7	13	16	18
subj_31_tessif_AF2_51	E	294	742	2037	3199	4171	7	13	16	18
subj_31_tessif_AF2_9	E	261	800	2013	3088	4191	7	13	16	18
subj_31_tessif_MN1_25	E	339	819	1919	3042	3281	7	13	16	16
subj_31_tessif_MN1_29	E	340	780	2013	3067	4272	7	13	16	18
subj_31_tessif_MN1_4	E	311	793	1975	3075	4453	7	13	16	18
subj_31_tessif_Pre_26	E	131	731	2058	3251	4491	7	13	16	18
subj_31_tessif_Pre_47	E	278	656	2056	3220	4345	6	13	16	18
subj_31_tessif_Pre_50	E	280	659	1973	3096	3474	6	13	16	17
subj_32_keggif_11_Post	E	249	607	2067	2873	3915	6	13	15	17
subj_32_keggif_18_Post	E	234	610	2100	2927	3913	6	13	15	17
subj_32_keggif_20_Post	E	238	592	1993	2682	3848	6	13	15	17
subj_32_keggif_AF2_26	E	229	679	1526	2869	4066	6	11	15	18
subj_32_keggif_AF2_32	E	269	660	1647	2936	3671	6	12	15	17
subj_32_keggif_AF2_49	E	260	703	1578	2867	4051	7	11	15	18
subj_32_keggif_MN1_11	E	255	710	1547	2939	3955	7	11	15	18
subj_32_keggif_MN1_20	E	275	625	1536	2745	3828	6	11	15	17
subj_32_keggif_MN1_46	E	285	728	1381	2839	3788	7	10	15	17
subj_32_keggif_Pre_13	E	204	591	1979	2682	3588	6	13	15	17
subj_32_keggif_Pre_20	E	218	615	1982	2683	3772	6	13	15	17
subj_32_keggif_Pre_36	E	219	580	2022	2721	3649	6	13	15	17
subj_32_peffif_16_Post	E	245	674	1854	2724	3540	6	12	15	17
subj_32_peffif_38_Post	E	237	703	1773	2748	3734	7	12	15	17
subj_32_peffif_42_Post	E	234	619	1891	2947	4017	6	13	16	18
subj_32_peffif_AF2_28	E	251	721	1786	2790	4119	7	12	15	18
subj_32_peffif_AF2_43	E	240	712	1660	2711	3647	7	12	15	17
subj_32_peffif_AF2_8	E	245	709	1738	2774	4116	7	12	15	18
subj_32_peffif_MN1_13	E	278	653	1619	2782	4138	6	12	15	18
subj_32_peffif_MN1_33	E	278	588	1474	2990	4099	6	11	16	18
subj_32_peffif_MN1_5	E	258	753	1617	2734	4046	7	11	15	18
subj_32_peffif_Pre_27	E	204	604	1845	2830	3666	6	12	15	17
subj_32_peffif_Pre_38	E	227	645	1833	2846	3725	6	12	15	17
subj_32_peffif_Pre_52	E	224	652	1828	2906	3727	6	12	15	17
subj_32_tessif_35_Post	E	244	612	1923	2947	3903	6	13	16	17
subj_32_tessif_45_Post	E	237	482	1903	3046	3999	5	13	16	18
subj_32_tessif_47_Post	E	231	547	1897	2894	3971	5	13	15	18
subj_32_tessif_AF2_18	E	254	675	1572	2763	4102	6	11	15	18
subj_32_tessif_AF2_27	E	257	701	1590	2824	3921	7	11	15	17
subj_32_tessif_AF2_35	E	265	731	1602	2817	3909	7	11	15	17
subj_32_tessif_MN1_28	E	287	594	1491	2847	3853	6	11	15	17
subj_32_tessif_MN1_38	E	280	568	1438	2835	4082	6	11	15	18
subj_32_tessif_MN1_53	E	293	610	1473	2842	3725	6	11	15	17
subj_32_tessif_Pre_10	E	220	572	1966	3015	3890	6	13	16	17
subj_32_tessif_Pre_30	E	219	602	1939	2920	3700	6	13	15	17
subj_32_tessif_Pre_41	E	223	621	1882	2890	3813	6	12	15	17
subj_34_keggif_29_Post	E	253	641	1844	2455	4215	6	12	14	18
subj_34_keggif_42_Post	E	238	660	2121	2474	4158	6	13	14	18
subj_34_keggif_48_Post	E	241	705	2060	2453	4166	7	13	14	18
subj_34_keggif_AF2_40	E	255	722	1133	2183	2500	7	9	13	14
subj_34_keggif_AF2_44	E	243	718	1173	1890	2525	7	9	12	14
subj_34_keggif_AF2_49	E	225	643	1149	2173	3398	6	9	13	16
subj_34_keggif_MN1_26	E	328	530	996	2359	3700	5	8	14	17
subj_34_keggif_MN1_29	E	288	321	893	2472	3486	3	8	14	17
subj_34_keggif_MN1_8	E	270	725	1248	2574	3225	7	10	15	16
subj_34_keggif_Pre_26	E	231	576	1846	2682	4305	6	12	15	18
subj_34_keggif_Pre_48	E	239	606	1923	2913	4220	6	13	15	18
subj_34_keggif_Pre_53	E	246	644	1845	2738	4307	6	12	15	18
subj_34_peffif_10_Post	E	248	735	1931	3054	4214	7	13	16	18
subj_34_peffif_15_Post	E	231	690	1877	2816	4105	6	12	15	18
subj_34_peffif_22_Post	E	233	683	1833	2829	4095	6	12	15	18
subj_34_peffif_AF2_15	E	236	622	1297	2306	3480	6	10	14	17
subj_34_peffif_AF2_31	E	270	513	1143	2529	2993	5	9	14	15
subj_34_peffif_AF2_41	E	260	548	1066	2307	3018	5	9	14	16
subj_34_peffif_MN1_15	E	300	583	1156	2806	3077	6	9	15	16
subj_34_peffif_MN1_20	E	263	273	1053	2449	3110	3	9	14	16
subj_34_peffif_MN1_22	E	317	354	1099	2486	3475	4	9	14	17
subj_34_peffif_Pre_10	E	243	705	1878	2983	4466	7	12	16	18
subj_34_peffif_Pre_13	E	245	732	1883	2954	4344	7	12	16	18
subj_34_peffif_Pre_39	E	238	698	1862	3034	4305	7	12	16	18
subj_34_tessif_37_Post	E	241	670	1732	2928	4310	6	12	15	18
subj_34_tessif_43_Post	E	234	708	1930	2950	4302	7	13	16	18
subj_34_tessif_4_Post	E	244	718	1892	2759	4232	7	13	15	18
subj_34_tessif_AF2_18	E	247	634	1193	2288	3831	6	10	14	17
subj_34_tessif_AF2_42	E	224	667	1299	2301	3348	6	10	14	16
subj_34_tessif_AF2_43	E	228	647	1279	2263	3118	6	10	14	16
subj_34_tessif_MN1_28	E	268	279	1109	2561	3174	3	9	15	16
subj_34_tessif_Pre_27	E	223	466	1896	3079	4478	5	13	16	18
subj_34_tessif_Pre_34	E	242	703	1877	3013	4404	7	12	16	18
subj_34_tessif_Pre_43	E	232	669	2009	2959	4334	6	13	16	18
subj_35_keggif_33_Post	E	204	516	2083	2774	4063	5	13	15	18
subj_35_keggif_38_Post	E	209	488	2258	2666	3898	5	14	15	17
subj_35_keggif_8_Post	E	195	568	2146	2881	4118	6	13	15	18
subj_35_keggif_AF2_25	E	222	499	2203	2892	3960	5	14	15	18
subj_35_keggif_AF2_39	E	208	563	2152	2698	4022	5	13	15	18
subj_35_keggif_AF2_8	E	222	554	2272	2863	4180	5	14	15	18
subj_35_keggif_MN1_13	E	198	605	2052	2762	3916	6	13	15	17
subj_35_keggif_MN1_35	E	194	613	2143	2788	4007	6	13	15	18
subj_35_keggif_MN1_52	E	209	721	2080	2823	3931	7	13	15	17
subj_35_keggif_Pre_33	E	243	585	2191	2847	3927	6	14	15	17
subj_35_keggif_Pre_39	E	278	629	2242	2822	4080	6	14	15	18
subj_35_keggif_Pre_43	E	286	637	2275	2807	4088	6	14	15	18
subj_35_peffif_19_Post	E	206	524	1727	2671	3812	5	12	15	17
subj_35_peffif_29_Post	E	202	583	1709	2662	3972	6	12	15	18
subj_35_peffif_42_Post	E	202	591	1787	2811	4072	6	12	15	18
subj_35_peffif_AF2_24	E	221	541	1827	2834	4204	5	12	15	18
subj_35_peffif_AF2_26	E	220	627	1896	2839	4243	6	13	15	18
subj_35_peffif_AF2_34	E	215	570	1819	2765	3972	6	12	15	18
subj_35_peffif_MN1_24	E	196	631	1724	2721	3909	6	12	15	17
subj_35_peffif_MN1_5	E	201	679	1664	2728	3936	6	12	15	18
subj_35_peffif_MN1_53	E	197	630	1687	2777	3927	6	12	15	17
subj_35_peffif_Pre_14	E	228	628	1814	2824	4150	6	12	15	18
subj_35_peffif_Pre_18	E	242	690	1896	2898	4095	6	13	15	18
subj_35_peffif_Pre_47	E	253	777	1999	2941	4242	7	13	16	18
subj_35_tessif_13_Post	E	193	577	2019	3028	4421	6	13	16	18
subj_35_tessif_15_Post	E	206	632	2048	3082	4402	6	13	16	18
subj_35_tessif_50_Post	E	199	512	1934	3053	4255	5	13	16	18
subj_35_tessif_AF2_27	E	218	482	1949	3049	4451	5	13	16	18
subj_35_tessif_AF2_42	E	210	464	1913	3047	4369	5	13	16	18
subj_35_tessif_AF2_51	E	210	524	2028	2977	4308	5	13	16	18
subj_35_tessif_MN1_0	E	218	718	1795	2733	4126	7	12	15	18
subj_35_tessif_MN1_39	E	204	655	1810	2840	4213	6	12	15	18
subj_35_tessif_MN1_43	E	201	599	1916	3001	3701	6	13	16	17
subj_35_tessif_Pre_27	E	273	574	1909	2995	4400	6	13	16	18
subj_35_tessif_Pre_4	E	247	642	1973	3055	4408	6	13	16	18
subj_35_tessif_Pre_9	E	250	609	2023	3004	4371	6	13	16	18
subj_36_keggif_11_Post	E	213	456	2072	2746	4029	5	13	15	18
subj_36_keggif_12_Post	E	209	557	1956	2758	3838	5	13	15	17
subj_36_keggif_30_Post	E	207	535	1982	2641	3543	5	13	15	17
subj_36_keggif_AF2_34	E	220	464	1967	2654	3853	5	13	15	17
subj_36_keggif_AF2_53	E	197	513	2050	2700	4000	5	13	15	18
subj_36_keggif_AF2_6	E	190	523	1963	2623	3848	5	13	15	17
subj_36_keggif_MN1_10	E	225	670	1848	2587	3759	6	12	15	17
subj_36_keggif_MN1_11	E	215	665	1936	2574	3975	6	13	15	18
subj_36_keggif_MN1_33	E	220	625	2076	2558	3665	6	13	15	17
subj_36_keggif_Pre_30	E	213	491	2078	2712	3785	5	13	15	17
subj_36_keggif_Pre_8	E	222	471	2069	2486	4091	5	13	14	18
subj_36_keggif_Pre_9	E	182	389	2087	2580	3781	4	13	15	17
subj_36_peffif_10_Post	E	211	629	1823	2797	3989	6	12	15	18
subj_36_peffif_19_Post	E	216	605	1668	2498	3564	6	12	14	17
subj_36_peffif_29_Post	E	195	584	1732	2560	3498	6	12	15	17
subj_36_peffif_AF2_23	E	197	597	1727	2672	3780	6	12	15	17
subj_36_peffif_AF2_25	E	174	507	1643	2683	3900	5	12	15	17
subj_36_peffif_AF2_27	E	213	599	1699	2684	3959	6	12	15	18
subj_36_peffif_MN1_13	E	234	579	1609	2633	3530	6	11	15	17
subj_36_peffif_MN1_50	E	214	659	1677	2664	3946	6	12	15	18
subj_36_peffif_MN1_51	E	202	658	1597	2619	3772	6	11	15	17
subj_36_peffif_Pre_26	E	231	555	1789	3028	3414	5	12	16	17
subj_36_peffif_Pre_40	E	201	618	1782	2637	3780	6	12	15	17
subj_36_peffif_Pre_49	E	226	624	1652	2789	3964	6	12	15	18
subj_36_tessif_21_Post	E	213	523	1804	2947	4360	5	12	16	18
subj_36_tessif_6_Post	E	191	531	1827	2747	4305	5	12	15	18
subj_36_tessif_AF2_10	E	192	552	1789	3017	4275	5	12	16	18
subj_36_tessif_AF2_16	E	202	497	1788	2911	4342	5	12	15	18
subj_36_tessif_AF2_40	E	208	562	1726	2807	3903	5	12	15	17
subj_36_tessif_MN1_19	E	202	606	1580	2744	4063	6	11	15	18
subj_36_tessif_MN1_30	E	217	625	1697	2929	4065	6	12	15	18
subj_36_tessif_MN1_40	E	216	484	1690	2710	4389	5	12	15	18
subj_36_tessif_Pre_1	E	213	608	1739	2967	3538	6	12	16	17
subj_36_tessif_Pre_43	E	203	584	1818	2964	4256	6	12	16	18
subj_36_tessif_Pre_53	E	219	560	1764	2871	3714	5	12	15	17
subj_37_keggif_37_Post	E	235	482	2251	2434	4028	5	14	14	18
subj_37_keggif_3_Post	E	225	478	1993	2754	3847	5	13	15	17
subj_37_keggif_44_Post	E	233	492	1928	2654	4106	5	13	15	18
subj_37_keggif_AF2_10	E	224	446	1304	2516	3174	4	10	14	16
subj_37_keggif_AF2_39	E	225	604	1624	2403	3508	6	12	14	16
subj_37_keggif_AF2_4	E	231	695	1763	2690	4271	7	12	15	18
subj_37_keggif_MN1_32	E	276	377	1112	2247	2978	4	9	14	16
subj_37_keggif_MN1_43	E	248	656	1380	2542	3692	6	10	15	17
subj_37_keggif_MN1_5	E	261	583	1257	2642	3400	6	10	15	16
subj_37_keggif_Pre_20	E	219	348	2196	2520	3859	4	14	14	17
subj_37_keggif_Pre_48	E	212	442	2168	2882	4024	4	13	15	18
subj_37_keggif_Pre_50	E	216	378	2217	2566	4074	4	14	15	18
subj_37_peffif_32_Post	E	244	499	1928	2953	3985	5	13	16	18
subj_37_peffif_35_Post	E	239	601	1879	2899	3935	6	12	15	18
subj_37_peffif_51_Post	E	227	437	1831	2718	4019	4	12	15	18
subj_37_peffif_AF2_13	E	221	697	1351	2208	3471	7	10	13	17
subj_37_peffif_AF2_27	E	221	593	1670	2919	3999	6	12	15	18
subj_37_peffif_AF2_47	E	221	402	1382	2229	3136	4	10	14	16
subj_37_peffif_MN1_19	E	253	378	1273	2070	3380	4	10	13	16
subj_37_peffif_MN1_25	E	267	322	1316	2300	3437	3	10	14	17
subj_37_peffif_MN1_35	E	260	277	1329	2897	3642	3	10	15	17
subj_37_peffif_Pre_23	E	225	564	2004	2836	4027	5	13	15	18
subj_37_peffif_Pre_49	E	214	543	1926	2832	3934	5	13	15	18
subj_37_peffif_Pre_51	E	219	541	1973	2877	3999	5	13	15	18
subj_37_tessif_12_Post	E	221	636	1820	2881	4148	6	12	15	18
subj_37_tessif_1_Post	E	232	601	1858	2859	3968	6	12	15	18
subj_37_tessif_4_Post	E	221	511	1887	2956	4118	5	13	16	18
subj_37_tessif_AF2_17	E	223	691	1718	3021	4281	6	12	16	18
subj_37_tessif_AF2_31	E	228	729	1662	2950	4496	7	12	16	18
subj_37_tessif_AF2_35	E	223	410	1496	2079	3119	4	11	13	16
subj_37_tessif_MN1_24	E	254	281	1262	2256	3569	3	10	14	17
subj_37_tessif_MN1_34	E	256	382	1277	2146	3265	4	10	13	16
subj_37_tessif_MN1_42	E	261	426	1385	2561	3125	4	11	15	16
subj_37_tessif_Pre_16	E	227	415	1827	2888	4145	4	12	15	18
subj_37_tessif_Pre_18	E	223	406	1727	2919	4189	4	12	15	18
subj_37_tessif_Pre_41	E	216	461	1759	2896	4158	5	12	15	18
subj_38_keggif_15_Post	E	238	636	2328	2997	4274	6	14	16	18
subj_38_keggif_2_Post	E	231	536	2346	3065	4276	5	14	16	18
subj_38_keggif_41_Post	E	254	493	2360	3057	4510	5	14	16	18
subj_38_keggif_AF2_12	E	261	490	2325	2811	4583	5	14	15	19
subj_38_keggif_AF2_14	E	226	400	2233	2984	4094	4	14	16	18
subj_38_keggif_AF2_15	E	217	531	2155	3002	4148	5	13	16	18
subj_38_keggif_MN1_0	E	235	669	2098	2914	3606	6	13	15	17
subj_38_keggif_MN1_14	E	273	697	2208	3084	3980	7	14	16	18
subj_38_keggif_MN1_37	E	235	672	2146	2999	4034	6	13	16	18
subj_38_keggif_Pre_0	E	235	461	2333	3148	4437	5	14	16	18
subj_38_keggif_Pre_1	E	232	525	2051	3013	4251	5	13	16	18
subj_38_keggif_Pre_32	E	227	504	2268	2964	4331	5	14	16	18
subj_38_peffif_10_Post	E	234	676	2046	3023	4215	6	13	16	18
subj_38_peffif_16_Post	E	241	562	1972	3152	4210	5	13	16	18
subj_38_peffif_3_Post	E	243	680	2144	3018	4484	6	13	16	18
subj_38_peffif_AF2_24	E	221	600	1965	3155	4196	6	13	16	18
subj_38_peffif_AF2_28	E	236	558	1804	2937	4179	5	12	15	18
subj_38_peffif_AF2_44	E	232	546	1994	2933	4438	5	13	15	18
subj_38_peffif_MN1_2	E	253	524	1795	3085	3647	5	12	16	17
subj_38_peffif_MN1_43	E	260	736	2113	3074	3887	7	13	16	17
subj_38_peffif_MN1_5	E	261	595	1960	2873	3467	6	13	15	17
subj_38_peffif_Pre_16	E	226	657	1973	3008	4176	6	13	16	18
subj_38_peffif_Pre_43	E	223	562	1897	3074	4213	5	13	16	18
subj_38_peffif_Pre_49	E	213	616	1994	2977	4087	6	13	16	18
subj_38_tessif_23_Post	E	231	542	2135	3264	4645	5	13	16	19
subj_38_tessif_31_Post	E	217	476	2128	3361	4477	5	13	16	18
subj_38_tessif_47_Post	E	108	542	2032	3233	4452	5	13	16	18
subj_38_tessif_AF2_0	E	208	677	2027	3148	4560	6	13	16	19
subj_38_tessif_AF2_20	E	221	497	2019	3291	4523	5	13	16	18
subj_38_tessif_AF2_9	E	230	503	2029	3136	4538	5	13	16	18
subj_38_tessif_MN1_41	E	249	557	2099	3188	3383	5	13	16	16
subj_38_tessif_MN1_49	E	255	695	2222	3349	4554	6	14	16	19
subj_38_tessif_MN1_50	E	260	536	2083	3267	3677	5	13	16	17
subj_38_tessif_Pre_11	E	227	436	2040	3188	4527	4	13	16	18
subj_38_tessif_Pre_24	E	219	595	2001	3190	4516	6	13	16	18
subj_38_tessif_Pre_29	E	217	552	1995	3105	4589	5	13	16	19
subj_41_keggif_25_Post	E	253	696	2189	3002	3960	7	14	16	18
subj_41_keggif_42_Post	E	257	521	2005	2803	4503	5	13	15	18
subj_41_keggif_53_Post	E	264	696	2150	2892	3829	7	13	15	17
subj_41_keggif_AF2_10	E	271	801	1576	2452	2765	7	11	14	15
subj_41_keggif_AF2_22	E	242	793	1457	1984	2510	7	11	13	14
subj_41_keggif_AF2_27	E	250	1052	1456	2837	4550	9	11	15	19
subj_41_keggif_MN1_13	E	317	861	1502	2550	2981	8	11	15	16
subj_41_keggif_MN1_23	E	320	880	1311	2311	3654	8	10	14	17
subj_41_keggif_MN1_27	E	299	875	1502	2560	3920	8	11	15	17
subj_41_keggif_Pre_19	E	276	771	2111	3064	4251	7	13	16	18
subj_41_keggif_Pre_48	E	247	620	2098	3018	3779	6	13	16	17
subj_41_keggif_Pre_52	E	241	662	2098	2646	3750	6	13	15	17
subj_41_peffif_19_Post	E	240	679	1859	2977	3884	6	12	16	17
subj_41_peffif_35_Post	E	239	701	1855	2976	3857	7	12	16	17
subj_41_peffif_40_Post	E	244	650	1853	2860	3876	6	12	15	17
subj_41_peffif_AF2_38	E	270	808	1394	1938	2984	7	11	13	16
subj_41_peffif_AF2_40	E	266	789	1457	1876	2540	7	11	12	14
subj_41_peffif_AF2_45	E	252	765	1461	2618	3380	7	11	15	16
subj_41_peffif_MN1_37	E	299	872	1526	2446	3389	8	11	14	16
subj_41_peffif_MN1_46	E	290	866	1407	2649	3296	8	11	15	16
subj_41_peffif_MN1_6	E	328	969	1379	2345	3516	8	10	14	17
subj_41_peffif_Pre_38	E	258	731	1971	3045	4269	7	13	16	18
subj_41_peffif_Pre_43	E	251	731	1877	2987	4133	7	12	16	18
subj_41_peffif_Pre_51	E	255	718	1955	2885	3886	7	13	15	17
subj_41_tessif_0_Post	E	267	779	2043	3157	4554	7	13	16	19
subj_41_tessif_26_Post	E	246	519	1947	3085	4415	5	13	16	18
subj_41_tessif_2_Post	E	252	604	1954	3076	3819	6	13	16	17
subj_41_tessif_AF2_3	E	281	648	1274	2047	3044	6	10	13	16
subj_41_tessif_AF2_35	E	258	627	1255	1840	2926	6	10	12	15
subj_41_tessif_AF2_43	E	266	767	1357	2117	3381	7	10	13	16
subj_41_tessif_MN1_18	E	309	880	1524	2621	3259	8	11	15	16
subj_41_tessif_MN1_2	E	319	935	1535	2269	3249	8	11	14	16
subj_41_tessif_MN1_22	E	326	938	1346	2405	3528	8	10	14	17
subj_41_tessif_Pre_0	E	262	773	1977	3088	4327	7	13	16	18
subj_41_tessif_Pre_3	E	279	744	2061	3183	4528	7	13	16	18
subj_41_tessif_Pre_4	E	265	767	1973	3120	4542	7	13	16	18
subj_42_keggif_28_Post	E	224	530	1835	2693	3649	5	12	15	17
subj_42_keggif_3_Post	E	178	536	2032	2336	3599	5	13	14	17
subj_42_keggif_51_Post	E	229	471	1886	2656	3661	5	13	15	17
subj_42_keggif_AF2_39	E	248	513	1504	2552	3231	5	11	14	16
subj_42_keggif_AF2_51	E	249	490	1608	2458	3610	5	11	14	17
subj_42_keggif_AF2_7	E	227	722	1571	2769	4021	7	11	15	18
subj_42_keggif_MN1_15	E	269	657	1478	2298	3136	6	11	14	16
subj_42_keggif_MN1_22	E	267	565	1438	2271	3159	6	11	14	16
subj_42_keggif_MN1_53	E	276	650	1441	2571	3118	6	11	15	16
subj_42_keggif_Pre_17	E	217	526	1949	2814	3294	5	13	15	16
subj_42_keggif_Pre_23	E	232	480	1758	2573	3576	5	12	15	17
subj_42_keggif_Pre_52	E	236	464	1935	2689	3606	5	13	15	17
subj_42_peffif_13_Post	E	209	588	1654	2753	3901	6	12	15	17
subj_42_peffif_42_Post	E	217	536	1696	2854	4135	5	12	15	18
subj_42_peffif_48_Post	E	203	567	1729	2801	3745	6	12	15	17
subj_42_peffif_AF2_38	E	255	592	1348	2077	3267	6	10	13	16
subj_42_peffif_AF2_5	E	186	528	1067	2087	3644	5	9	13	17
subj_42_peffif_AF2_6	E	245	730	1163	2087	3416	7	9	13	16
subj_42_peffif_MN1_29	E	275	729	1529	2208	2840	7	11	14	15
subj_42_peffif_MN1_34	E	269	616	1531	2035	3064	6	11	13	16
subj_42_peffif_MN1_9	E	257	610	1501	2625	2999	6	11	15	16
subj_42_peffif_Pre_15	E	209	601	1705	2830	3587	6	12	15	17
subj_42_peffif_Pre_43	E	212	577	1725	2822	3345	6	12	15	16
subj_42_peffif_Pre_5	E	225	568	1737	2715	3479	6	12	15	17
subj_42_tessif_16_Post	E	207	524	1767	2991	4434	5	12	16	18
subj_42_tessif_30_Post	E	198	455	1688	3031	4048	5	12	16	18
subj_42_tessif_40_Post	E	215	514	1726	3001	3840	5	12	16	17
subj_42_tessif_AF2_1	E	241	686	1606	2840	3982	6	11	15	18
subj_42_tessif_AF2_32	E	242	587	1466	1564	2987	6	11	11	16
subj_42_tessif_AF2_49	E	254	506	1680	2265	3602	5	12	14	17
subj_42_tessif_MN1_43	E	270	698	1610	2653	3125	7	11	15	16
subj_42_tessif_MN1_45	E	279	851	1597	2646	3278	8	11	15	16
subj_42_tessif_MN1_52	E	280	628	1380	2336	3369	6	10	14	16
subj_42_tessif_Pre_21	E	217	511	1735	3031	3881	5	12	16	17
subj_42_tessif_Pre_36	E	223	554	1763	2948	3921	5	12	16	17
subj_42_tessif_Pre_48	E	218	525	1738	2992	3618	5	12	16	17
subj_44_keggif_20_Post	E	268	682	2147	2987	4309	6	13	16	18
subj_44_keggif_25_Post	E	248	637	2055	2889	3998	6	13	15	18
subj_44_keggif_43_Post	E	244	680	2006	2868	4226	6	13	15	18
subj_44_keggif_AF2_25	E	253	575	1261	2659	4209	6	10	15	18
subj_44_keggif_AF2_31	E	279	616	1370	2867	4495	6	10	15	18
subj_44_keggif_AF2_44	E	295	605	1441	2471	4176	6	11	14	18
subj_44_keggif_MN1_1	E	291	725	1688	2852	4084	7	12	15	18
subj_44_keggif_MN1_50	E	293	677	1451	2919	4108	6	11	15	18
subj_44_keggif_MN1_7	E	294	760	1758	2910	4152	7	12	15	18
subj_44_keggif_Pre_21	E	257	719	2037	2907	4146	7	13	15	18
subj_44_keggif_Pre_25	E	256	694	2069	2951	4194	7	13	16	18
subj_44_keggif_Pre_38	E	266	729	2231	3212	3957	7	14	16	18
subj_44_peffif_14_Post	E	250	653	1934	3033	4225	6	13	16	18
subj_44_peffif_24_Post	E	258	599	1856	2900	4168	6	12	15	18
subj_44_peffif_45_Post	E	254	750	1913	2806	4051	7	13	15	18
subj_44_peffif_AF2_26	E	260	666	1492	2812	4270	6	11	15	18
subj_44_peffif_AF2_34	E	279	569	1396	2780	4265	6	11	15	18
subj_44_peffif_AF2_5	E	264	760	1581	2786	4272	7	11	15	18
subj_44_peffif_MN1_10	E	302	748	1617	2963	4040	7	11	16	18
subj_44_peffif_MN1_48	E	295	685	1592	2900	4408	6	11	15	18
subj_44_peffif_Pre_28	E	232	672	1826	2903	4032	6	12	15	18
subj_44_peffif_Pre_44	E	261	690	1848	2948	4114	6	12	16	18
subj_44_peffif_Pre_8	E	227	660	1857	2905	4072	6	12	15	18
subj_44_tessif_46_Post	E	256	627	1863	2990	4321	6	12	16	18
subj_44_tessif_9_Post	E	246	684	1884	2977	4163	6	12	16	18
subj_44_tessif_AF2_16	E	269	543	1324	2691	4068	5	10	15	18
subj_44_tessif_AF2_37	E	290	604	1442	2625	4355	6	11	15	18
subj_44_tessif_AF2_6	E	265	725	1565	2834	4275	7	11	15	18
subj_44_tessif_MN1_12	E	293	734	1531	2861	4056	7	11	15	18
subj_44_tessif_MN1_27	E	311	780	1379	2810	4387	7	10	15	18
subj_44_tessif_MN1_41	E	304	632	1558	2679	4179	6	11	15	18
subj_44_tessif_Pre_14	E	245	623	1923	3041	4203	6	13	16	18
subj_44_tessif_Pre_42	E	253	686	1956	3052	4224	6	13	16	18
subj_44_tessif_Pre_51	E	250	672	1886	3012	4042	6	13	16	18
subj_45_keggif_20_Post	E	258	668	1917	2578	3640	6	13	15	17
subj_45_keggif_48_Post	E	265	570	1900	2553	3808	6	13	15	17
subj_45_keggif_51_Post	E	246	631	1877	2547	3647	6	12	15	17
subj_45_keggif_AF2_13	E	242	719	1432	2602	2905	7	11	15	15
subj_45_keggif_AF2_19	E	248	721	1259	2808	3945	7	10	15	18
subj_45_keggif_AF2_23	E	256	762	1348	2781	3327	7	10	15	16
subj_45_keggif_MN1_21	E	250	758	1260	2674	3448	7	10	15	17
subj_45_keggif_MN1_25	E	232	696	1248	2757	3921	7	10	15	17
subj_45_keggif_MN1_53	E	264	744	1178	2380	3723	7	9	14	17
subj_45_keggif_Pre_21	E	232	547	1746	2461	3869	5	12	14	17
subj_45_keggif_Pre_23	E	251	621	1741	2543	3648	6	12	15	17
subj_45_keggif_Pre_44	E	246	555	1732	2519	4023	5	12	14	18
subj_45_peffif_16_Post	E	254	738	1655	2779	4069	7	12	15	18
subj_45_peffif_31_Post	E	264	657	1677	2778	3883	6	12	15	17
subj_45_peffif_33_Post	E	248	649	1743	2761	4096	6	12	15	18
subj_45_peffif_AF2_46	E	279	585	1313	2700	4070	6	10	15	18
subj_45_peffif_AF2_50	E	287	690	1364	2731	3508	6	10	15	17
subj_45_peffif_AF2_51	E	292	594	1375	2697	3970	6	10	15	18
subj_45_peffif_MN1_0	E	259	770	1455	2365	4040	7	11	14	18
subj_45_peffif_MN1_19	E	244	584	1396	2825	4260	6	11	15	18
subj_45_peffif_MN1_26	E	234	598	1244	2601	4108	6	10	15	18
subj_45_peffif_Pre_16	E	224	580	1721	2644	4064	6	12	15	18
subj_45_peffif_Pre_22	E	226	572	1732	2689	4068	6	12	15	18
subj_45_peffif_Pre_52	E	254	613	1684	2760	4204	6	12	15	18
subj_45_tessif_36_Post	E	262	649	1820	2897	4494	6	12	15	18
subj_45_tessif_3_Post	E	264	698	1803	2938	3734	7	12	15	17
subj_45_tessif_9_Post	E	259	666	1765	2806	3024	6	12	15	16
subj_45_tessif_AF2_18	E	239	583	1313	2628	4036	6	10	15	18
subj_45_tessif_AF2_27	E	249	633	1272	2595	3957	6	10	15	18
subj_45_tessif_AF2_42	E	271	684	1333	2494	4074	6	10	14	18
subj_45_tessif_MN1_18	E	249	740	1250	2757	4428	7	10	15	18
subj_45_tessif_MN1_23	E	247	679	1349	2890	3761	6	10	15	17
subj_45_tessif_MN1_7	E	244	637	1224	2678	4035	6	10	15	18
subj_45_tessif_Pre_11	E	227	550	1724	2844	4070	5	12	15	18
subj_45_tessif_Pre_12	E	212	592	1671	2754	4080	6	12	15	18
subj_45_tessif_Pre_8	E	263	673	1751	2880	4315	6	12	15	18
subj_46_keggif_17_Post	E	192	599	2185	2816	4127	6	13	15	18
subj_46_keggif_19_Post	E	180	605	1969	2789	3530	6	13	15	17
subj_46_keggif_28_Post	E	175	503	2035	2258	3183	5	13	14	16
subj_46_keggif_AF2_16	E	197	576	1951	2660	3519	6	13	15	17
subj_46_keggif_AF2_18	E	192	550	1966	2782	3514	5	13	15	17
subj_46_keggif_AF2_40	E	188	576	1970	2779	3545	6	13	15	17
subj_46_keggif_MN1_27	E	232	634	2030	2782	3469	6	13	15	17
subj_46_keggif_MN1_45	E	227	590	2007	2614	3440	6	13	15	17
subj_46_keggif_MN1_7	E	240	681	1885	2839	3928	6	12	15	17
subj_46_keggif_Pre_37	E	186	555	2009	2740	3816	5	13	15	17
subj_46_keggif_Pre_42	E	182	543	1977	2691	3533	5	13	15	17
subj_46_keggif_Pre_7	E	194	570	1992	2655	3428	6	13	15	17
subj_46_peffif_18_Post	E	195	567	1900	2773	4104	6	13	15	18
subj_46_peffif_30_Post	E	185	538	1840	2818	3555	5	12	15	17
subj_46_peffif_36_Post	E	183	566	1928	2912	4165	6	13	15	18
subj_46_peffif_AF2_13	E	202	596	1793	2820	3926	6	12	15	17
subj_46_peffif_AF2_29	E	208	600	1969	3041	4164	6	13	16	18
subj_46_peffif_AF2_36	E	200	593	1945	2884	4252	6	13	15	18
subj_46_peffif_MN1_47	E	211	636	1863	2756	4207	6	12	15	18
subj_46_peffif_MN1_52	E	217	637	1880	2808	3810	6	12	15	17
subj_46_peffif_MN1_6	E	245	716	1934	2921	4058	7	13	15	18
subj_46_peffif_Pre_0	E	191	580	1899	2937	4302	6	13	15	18
subj_46_peffif_Pre_17	E	180	524	1898	2960	4311	5	13	16	18
subj_46_peffif_Pre_8	E	188	549	1872	2973	4171	5	12	16	18
subj_46_tessif_21_Post	E	193	580	1915	2919	4480	6	13	15	18
subj_46_tessif_39_Post	E	194	575	1846	2963	4395	6	12	16	18
subj_46_tessif_52_Post	E	192	536	1916	2956	4322	5	13	16	18
subj_46_tessif_AF2_11	E	201	555	1990	2985	4410	5	13	16	18
subj_46_tessif_AF2_20	E	193	556	1951	2903	4054	5	13	15	18
subj_46_tessif_AF2_51	E	215	498	1879	3005	4219	5	12	16	18
subj_46_tessif_MN1_0	E	247	559	1949	2970	3695	5	13	16	17
subj_46_tessif_MN1_16	E	225	593	1764	2030	3163	6	12	13	16
subj_46_tessif_MN1_19	E	203	591	1915	2922	4467	6	13	15	18
subj_46_tessif_Pre_13	E	179	419	1896	2912	4259	4	13	15	18
subj_46_tessif_Pre_27	E	186	516	1875	2992	4144	5	12	16	18
subj_46_tessif_Pre_9	E	184	479	1880	3022	3647	5	12	16	17
subj_47_keggif_36_Post	E	217	602	2138	2803	3859	6	13	15	17
subj_47_keggif_40_Post	E	201	560	2073	2963	3908	5	13	16	17
subj_47_keggif_8_Post	E	213	641	2100	2848	3800	6	13	15	17
subj_47_keggif_AF2_13	E	202	587	2173	2694	3798	6	13	15	17
subj_47_keggif_AF2_40	E	206	575	2089	3134	3997	6	13	16	18
subj_47_keggif_AF2_51	E	214	606	1990	2848	3980	6	13	15	18
subj_47_keggif_MN1_28	E	224	653	1962	2907	4016	6	13	15	18
subj_47_keggif_MN1_29	E	219	565	2015	2761	4089	5	13	15	18
subj_47_keggif_MN1_41	E	236	690	1939	2830	3889	6	13	15	17
subj_47_keggif_Pre_24	E	204	550	2017	2965	4305	5	13	16	18
subj_47_keggif_Pre_46	E	212	624	2137	2996	3850	6	13	16	17
subj_47_keggif_Pre_50	E	198	554	2091	2986	3957	5	13	16	18
subj_47_peffif_11_Post	E	213	618	1918	2971	4189	6	13	16	18
subj_47_peffif_21_Post	E	224	618	1913	2911	4068	6	13	15	18
subj_47_peffif_32_Post	E	207	613	1934	3034	4231	6	13	16	18
subj_47_peffif_AF2_5	E	216	625	1751	2789	3981	6	12	15	18
subj_47_peffif_AF2_8	E	208	599	1844	2940	3936	6	12	15	17
subj_47_peffif_MN1_17	E	220	631	1918	2903	4434	6	13	15	18
subj_47_peffif_MN1_38	E	157	677	1826	2962	4340	6	12	16	18
subj_47_peffif_MN1_44	E	223	644	1833	2913	4102	6	12	15	18
subj_47_peffif_Pre_30	E	217	629	1915	2972	3955	6	13	16	18
subj_47_peffif_Pre_51	E	196	589	2040	2949	4223	6	13	16	18
subj_47_peffif_Pre_9	E	211	606	2010	2937	4140	6	13	15	18
subj_47_tessif_18_Post	E	217	627	1940	2958	4199	6	13	16	18
subj_47_tessif_2_Post	E	200	527	2000	3046	4211	5	13	16	18
subj_47_tessif_49_Post	E	209	558	1888	3146	4312	5	13	16	18
subj_47_tessif_AF2_25	E	197	507	1904	3114	4246	5	13	16	18
subj_47_tessif_AF2_3	E	203	613	1836	2997	4158	6	12	16	18
subj_47_tessif_AF2_6	E	221	642	1873	3149	4306	6	12	16	18
subj_47_tessif_MN1_26	E	233	680	1887	3202	4298	6	13	16	18
subj_47_tessif_MN1_47	E	227	640	1949	3065	4411	6	13	16	18
subj_47_tessif_MN1_52	E	226	665	1863	2885	3857	6	12	15	17
subj_47_tessif_Pre_1	E	206	592	1927	3015	4326	6	13	16	18
subj_47_tessif_Pre_19	E	215	629	1893	3141	4142	6	13	16	18
subj_47_tessif_Pre_53	E	193	536	1925	3031	4124	5	13	16	18
subj_48_keggif_12_Post	E	216	561	2159	2713	4042	5	13	15	18
subj_48_keggif_37_Post	E	240	529	2061	2789	3954	5	13	15	18
subj_48_keggif_42_Post	E	263	702	2113	2875	3993	7	13	15	18
subj_48_keggif_AF2_21	E	243	527	1687	2277	2733	5	12	14	15
subj_48_keggif_AF2_47	E	246	516	1624	2700	3564	5	12	15	17
subj_48_keggif_AF2_8	E	270	693	1383	2427	3643	6	10	14	17
subj_48_keggif_MN1_26	E	267	742	1606	2638	2865	7	11	15	15
subj_48_keggif_MN1_30	E	261	670	1609	2568	2754	6	11	15	15
subj_48_keggif_MN1_46	E	278	801	1697	2621	3663	7	12	15	17
subj_48_keggif_Pre_19	E	226	465	2068	2760	4001	5	13	15	18
subj_48_keggif_Pre_22	E	215	562	2081	2684	3897	5	13	15	17
subj_48_keggif_Pre_49	E	217	529	2136	2751	3896	5	13	15	17
subj_48_peffif_20_Post	E	209	661	2018	2886	4124	6	13	15	18
subj_48_peffif_27_Post	E	218	708	1967	2838	4074	7	13	15	18
subj_48_peffif_49_Post	E	220	667	1949	2863	3923	6	13	15	17
subj_48_peffif_AF2_11	E	260	746	1453	2558	3159	7	11	14	16
subj_48_peffif_AF2_29	E	231	746	1730	2717	3325	7	12	15	16
subj_48_peffif_AF2_37	E	246	724	1700	2153	2952	7	12	13	16
subj_48_peffif_MN1_14	E	275	869	1637	2765	3289	8	12	15	16
subj_48_peffif_MN1_3	E	269	807	1728	2191	3278	7	12	14	16
subj_48_peffif_MN1_9	E	263	845	1618	2759	3118	8	12	15	16
subj_48_peffif_Pre_1	E	238	691	1842	2849	3946	6	12	15	18
subj_48_peffif_Pre_23	E	249	513	1878	2794	3921	5	12	15	17
subj_48_peffif_Pre_37	E	237	721	1837	2850	4008	7	12	15	18
subj_48_tessif_35_Post	E	211	566	1898	2718	4388	6	13	15	18
subj_48_tessif_3_Post	E	237	585	1896	2893	3914	6	13	15	17
subj_48_tessif_44_Post	E	95	639	1867	2814	4380	6	12	15	18
subj_48_tessif_AF2_24	E	255	703	1714	2634	3370	7	12	15	16
subj_48_tessif_AF2_3	E	256	634	1524	2639	3010	6	11	15	16
subj_48_tessif_AF2_34	E	238	701	1358	1688	3237	7	10	12	16
subj_48_tessif_MN1_31	E	263	712	1568	2542	3055	7	11	15	16
subj_48_tessif_MN1_33	E	254	607	1555	2402	3041	6	11	14	16
subj_48_tessif_MN1_40	E	284	850	1657	2842	3332	8	12	15	16
subj_48_tessif_Pre_14	E	235	589	1969	2903	4183	6	13	15	18
subj_48_tessif_Pre_25	E	208	577	1920	2810	4324	6	13	15	18
subj_48_tessif_Pre_44	E	254	496	1787	2572	3184	5	12	14	16
subj_49_keggif_11_Post	E	207	658	1977	2597	3701	6	13	15	17
subj_49_keggif_25_Post	E	198	583	2097	2775	3789	6	13	15	17
subj_49_keggif_40_Post	E	192	668	1917	2428	3753	6	13	14	17
subj_49_keggif_AF2_13	E	205	751	2228	2843	4213	7	14	15	18
subj_49_keggif_AF2_16	E	196	658	2097	2660	3728	6	13	15	17
subj_49_keggif_AF2_18	E	191	634	2063	2553	3749	6	13	15	17
subj_49_keggif_MN1_27	E	235	755	1906	2795	3857	7	13	15	17
subj_49_keggif_MN1_28	E	238	734	1975	2667	3791	7	13	15	17
subj_49_keggif_MN1_43	E	223	771	1977	2603	3777	7	13	15	17
subj_49_keggif_Pre_28	E	204	612	2052	2584	3732	6	13	15	17
subj_49_keggif_Pre_35	E	193	699	1977	2604	3786	7	13	15	17
subj_49_keggif_Pre_46	E	188	622	2002	2614	3746	6	13	15	17
subj_49_peffif_32_Post	E	206	629	1710	2556	3738	6	12	15	17
subj_49_peffif_49_Post	E	196	686	1752	2535	3764	6	12	14	17
subj_49_peffif_53_Post	E	195	643	1791	2578	3788	6	12	15	17
subj_49_peffif_AF2_20	E	207	716	1842	2735	3783	7	12	15	17
subj_49_peffif_AF2_22	E	213	692	1799	2648	3835	6	12	15	17
subj_49_peffif_AF2_41	E	202	681	1594	2805	3795	6	11	15	17
subj_49_peffif_MN1_19	E	239	796	1822	2709	3941	7	12	15	18
subj_49_peffif_MN1_47	E	213	777	1784	2661	3813	7	12	15	17
subj_49_peffif_MN1_53	E	224	787	1786	2690	3845	7	12	15	17
subj_49_peffif_Pre_14	E	210	737	1735	2639	3795	7	12	15	17
subj_49_peffif_Pre_22	E	180	730	1798	2648	3818	7	12	15	17
subj_49_peffif_Pre_25	E	183	739	1777	2464	3592	7	12	14	17
subj_49_tessif_21_Post	E	186	673	1873	2950	4002	6	12	16	18
subj_49_tessif_4_Post	E	224	610	1869	2982	4117	6	12	16	18
subj_49_tessif_9_Post	E	207	640	1845	2876	4191	6	12	15	18
subj_49_tessif_AF2_14	E	200	699	1792	3024	4232	7	12	16	18
subj_49_tessif_AF2_36	E	194	688	1885	2737	3960	6	13	15	18
subj_49_tessif_AF2_8	E	205	668	1816	2869	4050	6	12	15	18
subj_49_tessif_MN1_15	E	234	737	1850	2985	3972	7	12	16	18
subj_49_tessif_MN1_18	E	251	762	1812	2987	3967	7	12	16	18
subj_49_tessif_MN1_32	E	209	722	1852	2810	3809	7	12	15	17
subj_49_tessif_Pre_10	E	205	700	1854	2802	3850	7	12	15	17
subj_49_tessif_Pre_21	E	183	675	1870	2898	4109	6	12	15	18
subj_49_tessif_Pre_48	E	191	715	1876	2831	3949	7	12	15	18
subj_4_keggif_16_Post	E	234	474	1866	2454	3700	5	12	14	17
subj_4_keggif_47_Post	E	231	466	1845	2585	3805	5	12	15	17
subj_4_keggif_8_Post	E	233	534	1936	2270	3518	5	13	14	17
subj_4_keggif_AF2_19	E	240	587	1473	2759	3338	6	11	15	16
subj_4_keggif_AF2_36	E	234	637	1673	2721	3630	6	12	15	17
subj_4_keggif_AF2_40	E	230	579	1647	2500	3664	6	12	14	17
subj_4_keggif_MN1_25	E	235	657	1594	2651	3111	6	11	15	16
subj_4_keggif_MN1_27	E	245	576	1432	2646	3639	6	11	15	17
subj_4_keggif_MN1_4	E	247	643	1580	2459	3674	6	11	14	17
subj_4_keggif_Pre_23	E	232	519	1954	2551	3614	5	13	15	17
subj_4_keggif_Pre_38	E	225	472	1950	2576	3751	5	13	15	17
subj_4_keggif_Pre_42	E	226	474	1931	2563	3551	5	13	15	17
subj_4_peffif_28_Post	E	235	495	1788	2636	3862	5	12	15	17
subj_4_peffif_30_Post	E	237	562	1682	2653	4014	5	12	15	18
subj_4_peffif_AF2_21	E	245	581	1379	2765	3765	6	10	15	17
subj_4_peffif_AF2_34	E	241	524	1396	2516	3678	5	11	14	17
subj_4_peffif_AF2_50	E	239	486	1596	2674	3666	5	11	15	17
subj_4_peffif_MN1_10	E	230	625	1415	2540	3745	6	11	15	17
subj_4_peffif_MN1_33	E	242	630	1392	2752	3219	6	11	15	16
subj_4_peffif_MN1_40	E	245	623	1508	1945	3195	6	11	13	16
subj_4_peffif_Pre_1	E	225	579	1740	2775	3543	6	12	15	17
subj_4_peffif_Pre_40	E	219	526	1805	2718	3619	5	12	15	17
subj_4_peffif_Pre_43	E	227	511	1780	2737	3772	5	12	15	17
subj_4_tessif_18_Post	E	228	462	1787	2762	3809	5	12	15	17
subj_4_tessif_24_Post	E	237	477	1686	2628	3744	5	12	15	17
subj_4_tessif_7_Post	E	231	484	1747	2699	3503	5	12	15	17
subj_4_tessif_AF2_23	E	239	565	1461	2602	3723	5	11	15	17
subj_4_tessif_AF2_45	E	226	595	1327	2234	3213	6	10	14	16
subj_4_tessif_AF2_47	E	234	517	1869	2951	3946	5	12	16	18
subj_4_tessif_MN1_31	E	235	676	1484	2731	3515	6	11	15	17
subj_4_tessif_MN1_6	E	239	657	1544	2698	3587	6	11	15	17
subj_4_tessif_MN1_8	E	239	619	1508	2786	3760	6	11	15	17
subj_4_tessif_Pre_22	E	224	475	1837	2717	3610	5	12	15	17
subj_4_tessif_Pre_5	E	229	489	1802	2721	3904	5	12	15	17
subj_4_tessif_Pre_53	E	230	470	1823	2751	3727	5	12	15	17
subj_50_keggif_23_Post	E	211	620	2018	2838	3829	6	13	15	17
subj_50_keggif_46_Post	E	206	612	1898	2667	3613	6	13	15	17
subj_50_keggif_50_Post	E	206	561	1923	2902	3529	5	13	15	17
subj_50_keggif_AF2_10	E	213	586	1956	2743	3476	6	13	15	17
subj_50_keggif_AF2_41	E	213	578	1899	2527	3329	6	13	14	16
subj_50_keggif_AF2_42	E	206	525	1980	2909	3684	5	13	15	17
subj_50_keggif_MN1_0	E	228	629	1818	2610	3481	6	12	15	17
subj_50_keggif_MN1_16	E	225	687	1829	2655	3307	6	12	15	16
subj_50_keggif_MN1_18	E	215	667	1744	2568	3296	6	12	15	16
subj_50_keggif_Pre_28	E	217	494	2024	2644	3727	5	13	15	17
subj_50_keggif_Pre_32	E	213	544	2170	2899	3811	5	13	15	17
subj_50_keggif_Pre_48	E	220	521	1971	2857	3696	5	13	15	17
subj_50_peffif_26_Post	E	212	601	1905	2807	3930	6	13	15	17
subj_50_peffif_2_Post	E	216	638	1798	2962	3853	6	12	16	17
subj_50_peffif_31_Post	E	206	627	1893	2929	3966	6	13	15	18
subj_50_peffif_AF2_14	E	214	610	1740	2774	3861	6	12	15	17
subj_50_peffif_AF2_15	E	209	616	1843	2769	3722	6	12	15	17
subj_50_peffif_AF2_26	E	211	538	1887	2792	3795	5	13	15	17
subj_50_peffif_MN1_10	E	243	700	1923	2901	3609	7	13	15	17
subj_50_peffif_MN1_21	E	207	679	1813	2796	3820	6	12	15	17
subj_50_peffif_MN1_35	E	219	683	1801	2940	3724	6	12	16	17
subj_50_peffif_Pre_35	E	208	618	1872	3071	3715	6	12	16	17
subj_50_peffif_Pre_39	E	214	535	1776	2773	3895	5	12	15	17
subj_50_peffif_Pre_43	E	222	593	1922	2730	3403	6	13	15	16
subj_50_tessif_11_Post	E	209	582	1888	2804	3884	6	13	15	17
subj_50_tessif_14_Post	E	223	554	1932	2723	3882	5	13	15	17
subj_50_tessif_32_Post	E	207	596	1898	2916	3824	6	13	15	17
subj_50_tessif_AF2_12	E	209	592	1889	2969	3863	6	13	16	17
subj_50_tessif_AF2_24	E	215	569	1884	2724	3812	6	12	15	17
subj_50_tessif_AF2_43	E	213	607	1814	2790	3743	6	12	15	17
subj_50_tessif_MN1_23	E	247	700	1839	2937	3757	7	12	15	17
subj_50_tessif_MN1_25	E	212	655	1785	3020	3800	6	12	16	17
subj_50_tessif_MN1_41	E	212	669	1694	2844	3570	6	12	15	17
subj_50_tessif_Pre_11	E	200	551	2025	2836	3959	5	13	15	18
subj_50_tessif_Pre_23	E	210	466	1914	2861	4007	5	13	15	18
subj_50_tessif_Pre_29	E	111	510	1856	2911	4027	5	12	15	18
subj_51_keggif_15_Post	E	214	489	2002	2811	3892	5	13	15	17
subj_51_keggif_6_Post	E	215	554	1899	2824	3711	5	13	15	17
subj_51_keggif_7_Post	E	220	485	1875	2870	3862	5	12	15	17
subj_51_keggif_AF2_15	E	198	623	1782	2761	3804	6	12	15	17
subj_51_keggif_AF2_22	E	203	536	1951	2790	3791	5	13	15	17
subj_51_keggif_AF2_52	E	202	552	2003	2815	3825	5	13	15	17
subj_51_keggif_MN1_17	E	241	627	2033	2832	3841	6	13	15	17
subj_51_keggif_MN1_39	E	231	674	2034	2866	3861	6	13	15	17
subj_51_keggif_MN1_46	E	231	622	1994	2757	3857	6	13	15	17
subj_51_keggif_Pre_18	E	210	571	1926	2725	3768	6	13	15	17
subj_51_keggif_Pre_41	E	214	618	1961	2747	3798	6	13	15	17
subj_51_keggif_Pre_9	E	207	573	2010	2732	3812	6	13	15	17
subj_51_peffif_11_Post	E	213	526	1801	2807	4118	5	12	15	18
subj_51_peffif_39_Post	E	214	554	1734	2858	4005	5	12	15	18
subj_51_peffif_5_Post	E	216	558	1716	2776	3945	5	12	15	18
subj_51_peffif_AF2_0	E	222	538	1770	2776	3909	5	12	15	17
subj_51_peffif_AF2_26	E	198	576	1790	2804	3893	6	12	15	17
subj_51_peffif_AF2_28	E	205	582	1741	2814	3911	6	12	15	17
subj_51_peffif_MN1_14	E	235	668	1803	2756	3852	6	12	15	17
subj_51_peffif_MN1_29	E	236	601	1808	2850	3953	6	12	15	18
subj_51_peffif_MN1_35	E	227	694	1669	2719	3841	7	12	15	17
subj_51_peffif_Pre_12	E	212	580	1701	2734	3890	6	12	15	17
subj_51_peffif_Pre_40	E	200	581	1766	2664	3723	6	12	15	17
subj_51_peffif_Pre_42	E	211	588	1807	2725	3844	6	12	15	17
subj_51_tessif_36_Post	E	207	545	1796	3002	4165	5	12	16	18
subj_51_tessif_47_Post	E	215	470	1827	3003	4208	5	12	16	18
subj_51_tessif_51_Post	E	217	423	1840	3046	4228	4	12	16	18
subj_51_tessif_AF2_27	E	194	539	1807	2859	3923	5	12	15	17
subj_51_tessif_AF2_42	E	204	543	1725	3026	4144	5	12	16	18
subj_51_tessif_AF2_43	E	209	497	1766	2959	4061	5	12	16	18
subj_51_tessif_MN1_15	E	234	656	1857	2919	3986	6	12	15	18
subj_51_tessif_MN1_28	E	243	628	1839	2900	4131	6	12	15	18
subj_51_tessif_MN1_45	E	234	645	1843	2923	3982	6	12	15	18
subj_51_tessif_Pre_19	E	212	490	1891	2974	4174	5	13	16	18
subj_51_tessif_Pre_26	E	208	552	1818	2919	4136	5	12	15	18
subj_51_tessif_Pre_34	E	215	540	1866	3115	4269	5	12	16	18
subj_52_keggif_15_Post	E	246	541	1973	2748	4122	5	13	15	18
subj_52_keggif_17_Post	E	261	482	2325	2593	4077	5	14	15	18
subj_52_keggif_6_Post	E	245	585	1998	2773	4122	6	13	15	18
subj_52_keggif_AF2_34	E	255	576	1464	2562	3104	6	11	15	16
subj_52_keggif_AF2_41	E	245	645	1473	2329	3748	6	11	14	17
subj_52_keggif_AF2_46	E	258	742	1540	2704	4178	7	11	15	18
subj_52_keggif_MN1_1	E	275	882	1613	2591	3400	8	11	15	16
subj_52_keggif_MN1_28	E	290	656	1406	2602	4256	6	11	15	18
subj_52_keggif_MN1_42	E	285	579	1425	2960	3956	6	11	16	17
subj_52_keggif_Pre_19	E	253	1360	2719	3480	4628	10	15	17	19
subj_52_keggif_Pre_37	E	243	661	2097	2548	3908	6	13	15	17
subj_52_keggif_Pre_7	E	255	629	1963	2570	4062	6	13	15	18
subj_52_peffif_23_Post	E	242	667	1815	2909	4102	6	12	15	18
subj_52_peffif_33_Post	E	251	532	1825	2922	4110	5	12	15	18
subj_52_peffif_53_Post	E	234	562	1645	2919	4139	5	12	15	18
subj_52_peffif_AF2_14	E	266	615	1495	2884	4099	6	11	15	18
subj_52_peffif_AF2_44	E	259	692	1491	2579	3547	6	11	15	17
subj_52_peffif_AF2_53	E	263	665	1499	2226	3032	6	11	14	16
subj_52_peffif_MN1_16	E	301	658	1482	2725	3233	6	11	15	16
subj_52_peffif_MN1_35	E	285	516	1356	2320	3648	5	10	14	17
subj_52_peffif_MN1_48	E	289	638	1423	2936	3680	6	11	15	17
subj_52_peffif_Pre_20	E	230	687	1834	2976	4063	6	12	16	18
subj_52_peffif_Pre_45	E	235	704	1816	2945	4088	7	12	16	18
subj_52_peffif_Pre_50	E	236	651	1865	2988	4062	6	12	16	18
subj_52_tessif_18_Post	E	238	595	1806	3215	4224	6	12	16	18
subj_52_tessif_40_Post	E	239	565	1762	3273	4226	6	12	16	18
subj_52_tessif_43_Post	E	232	578	1832	3219	4267	6	12	16	18
subj_52_tessif_AF2_18	E	257	639	1424	2024	2988	6	11	13	16
subj_52_tessif_AF2_3	E	265	723	1353	2994	4052	7	10	16	18
subj_52_tessif_AF2_37	E	259	693	1504	2767	4212	6	11	15	18
subj_52_tessif_MN1_13	E	288	673	1415	2637	3566	6	11	15	17
subj_52_tessif_MN1_32	E	302	600	1553	2662	3295	6	11	15	16
subj_52_tessif_MN1_4	E	290	865	1505	2878	4145	8	11	15	18
subj_52_tessif_Pre_18	E	225	662	1773	3116	4172	6	12	16	18
subj_52_tessif_Pre_3	E	235	704	1865	3184	4135	7	12	16	18
subj_52_tessif_Pre_41	E	243	691	1758	3163	4133	6	12	16	18
subj_53_keggif_10_Post	E	226	531	2321	2609	3974	5	14	15	18
subj_53_keggif_22_Post	E	113	434	2038	2556	4000	4	13	15	18
subj_53_keggif_40_Post	E	118	476	2298	2573	4042	5	14	15	18
subj_53_keggif_AF2_1	E	221	570	1546	2486	3476	6	11	14	17
subj_53_keggif_AF2_16	E	210	660	1342	2638	4080	6	10	15	18
subj_53_keggif_AF2_51	E	208	577	1375	2828	3772	6	10	15	17
subj_53_keggif_MN1_25	E	236	682	1575	2520	3569	6	11	14	17
subj_53_keggif_MN1_49	E	228	626	1511	2755	3457	6	11	15	17
subj_53_keggif_MN1_53	E	235	587	1249	2512	4010	6	10	14	18
subj_53_keggif_Pre_15	E	228	464	2021	2634	3843	5	13	15	17
subj_53_keggif_Pre_2	E	208	573	1846	2466	4029	6	12	14	18
subj_53_keggif_Pre_29	E	236	442	2093	2680	3914	4	13	15	17
subj_53_peffif_24_Post	E	115	495	1673	2693	3770	5	12	15	17
subj_53_peffif_33_Post	E	149	677	1401	2732	3646	6	11	15	17
subj_53_peffif_51_Post	E	189	424	1510	2875	3989	4	11	15	18
subj_53_peffif_AF2_19	E	243	484	1200	2655	4393	5	10	15	18
subj_53_peffif_AF2_53	E	229	435	1326	2562	4225	4	10	15	18
subj_53_peffif_AF2_9	E	256	488	1295	2633	4381	5	10	15	18
subj_53_peffif_MN1_26	E	245	719	1389	2957	3422	7	11	16	17
subj_53_peffif_MN1_50	E	241	720	1431	2559	3492	7	11	15	17
subj_53_peffif_MN1_7	E	260	635	1423	2630	4017	6	11	15	18
subj_53_peffif_Pre_14	E	229	493	1853	2713	3735	5	12	15	17
subj_53_peffif_Pre_33	E	240	498	1828	2600	3809	5	12	15	17
subj_53_peffif_Pre_43	E	217	543	2004	2824	4243	5	13	15	18
subj_53_tessif_0_Post	E	196	553	1804	2847	4413	5	12	15	18
subj_53_tessif_16_Post	E	112	480	1774	2956	4553	5	12	16	19
subj_53_tessif_4_Post	E	203	599	1701	2993	4410	6	12	16	18
subj_53_tessif_AF2_21	E	233	452	1293	2266	4410	5	10	14	18
subj_53_tessif_AF2_44	E	124	451	1304	2637	4347	5	10	15	18
subj_53_tessif_AF2_49	E	231	510	1437	2832	4147	5	11	15	18
subj_53_tessif_MN1_15	E	248	705	1331	2534	3761	7	10	14	17
subj_53_tessif_MN1_23	E	243	532	1265	2500	3463	5	10	14	17
subj_53_tessif_MN1_6	E	253	673	1400	2755	3485	6	11	15	17
subj_53_tessif_Pre_23	E	120	531	2022	2978	4377	5	13	16	18
subj_53_tessif_Pre_35	E	237	529	2123	2844	4383	5	13	15	18
subj_53_tessif_Pre_47	E	227	480	2083	2923	4422	5	13	15	18
subj_54_keggif_30_Post	E	264	628	2064	2944	3217	6	13	16	16
subj_54_keggif_32_Post	E	229	558	2057	2793	3439	5	13	15	17
subj_54_keggif_35_Post	E	196	558	2022	2904	3749	5	13	15	17
subj_54_keggif_AF2_1	E	212	530	1995	2678	3766	5	13	15	17
subj_54_keggif_AF2_38	E	250	535	2036	2661	3625	5	13	15	17
subj_54_keggif_AF2_4	E	235	528	1947	2656	3645	5	13	15	17
subj_54_keggif_MN1_13	E	275	731	1950	2677	3446	7	13	15	17
subj_54_keggif_MN1_17	E	294	810	2016	2681	3319	7	13	15	16
subj_54_keggif_MN1_28	E	286	768	2003	2828	3237	7	13	15	16
subj_54_keggif_Pre_1	E	224	475	2068	2543	3810	5	13	15	17
subj_54_keggif_Pre_2	E	218	535	2003	2676	3927	5	13	15	17
subj_54_keggif_Pre_37	E	246	523	2040	2361	3803	5	13	14	17
subj_54_peffif_14_Post	E	242	569	1875	2813	3879	6	12	15	17
subj_54_peffif_31_Post	E	237	564	1907	2836	3994	5	13	15	18
subj_54_peffif_6_Post	E	224	610	1849	2640	2942	6	12	15	16
subj_54_peffif_AF2_13	E	250	508	1774	2611	3598	5	12	15	17
subj_54_peffif_AF2_49	E	250	530	1767	2765	4006	5	12	15	18
subj_54_peffif_AF2_51	E	255	476	1719	2821	4187	5	12	15	18
subj_54_peffif_MN1_24	E	318	768	1855	2856	2981	7	12	15	16
subj_54_peffif_MN1_32	E	277	781	1912	2782	3900	7	13	15	17
subj_54_peffif_MN1_38	E	267	748	1884	2968	4053	7	13	16	18
subj_54_peffif_Pre_23	E	222	561	1867	2710	4003	5	12	15	18
subj_54_peffif_Pre_46	E	229	648	1765	2645	3734	6	12	15	17
subj_54_tessif_12_Post	E	233	465	1928	2959	4086	5	13	16	18
subj_54_tessif_29_Post	E	215	590	1977	2927	4024	6	13	15	18
subj_54_tessif_45_Post	E	232	551	1886	2799	3725	5	13	15	17
subj_54_tessif_AF2_25	E	226	485	1948	2953	4136	5	13	16	18
subj_54_tessif_AF2_6	E	229	499	1765	2904	3801	5	12	15	17
subj_54_tessif_AF2_8	E	230	479	1772	2832	4023	5	12	15	18
subj_54_tessif_MN1_11	E	287	688	1879	2847	2969	6	12	15	16
subj_54_tessif_MN1_44	E	260	565	1834	2813	3514	5	12	15	17
subj_54_tessif_MN1_53	E	281	780	1799	2963	3376	7	12	16	16
subj_54_tessif_Pre_20	E	225	525	1822	2891	3938	5	12	15	18
subj_54_tessif_Pre_28	E	205	574	1979	2890	3970	6	13	15	18
subj_54_tessif_Pre_39	E	238	516	1901	2966	4029	5	13	16	18
subj_55_keggif_0_Post	E	277	509	2236	2766	3117	5	14	15	16
subj_55_keggif_10_Post	E	230	488	2277	2800	3159	5	14	15	16
subj_55_keggif_41_Post	E	243	516	2210	2914	3092	5	14	15	16
subj_55_keggif_AF2_0	E	252	644	1705	2636	2972	6	12	15	16
subj_55_keggif_AF2_2	E	120	680	1664	2896	3305	6	12	15	16
subj_55_keggif_AF2_21	E	236	660	1625	2882	2918	6	12	15	15
subj_55_keggif_MN1_25	E	272	691	1513	2518	3191	6	11	14	16
subj_55_keggif_MN1_27	E	272	735	1564	2485	3255	7	11	14	16
subj_55_keggif_MN1_48	E	274	577	1375	2526	3192	6	10	14	16
subj_55_keggif_Pre_13	E	225	516	2243	2823	3341	5	14	15	16
subj_55_keggif_Pre_34	E	114	492	2204	2712	3194	5	14	15	16
subj_55_keggif_Pre_52	E	174	478	2185	2727	3516	5	13	15	17
subj_55_peffif_16_Post	E	233	560	1924	2928	3902	5	13	15	17
subj_55_peffif_3_Post	E	224	629	2012	2911	4013	6	13	15	18
subj_55_peffif_5_Post	E	119	536	1931	2888	3639	5	13	15	17
subj_55_peffif_AF2_20	E	233	672	1359	2579	3044	6	10	15	16
subj_55_peffif_AF2_38	E	253	669	1229	2729	3174	6	10	15	16
subj_55_peffif_AF2_39	E	241	655	1356	2564	3010	6	10	15	16
subj_55_peffif_MN1_10	E	290	668	1341	2397	3061	6	10	14	16
subj_55_peffif_MN1_39	E	279	585	1247	2415	3069	6	10	14	16
subj_55_peffif_MN1_6	E	288	595	1233	2336	3039	6	10	14	16
subj_55_peffif_Pre_18	E	212	544	1903	2867	3846	5	13	15	17
subj_55_peffif_Pre_30	E	110	517	1972	2768	3898	5	13	15	17
subj_55_peffif_Pre_45	E	228	492	1921	2737	3402	5	13	15	16
subj_55_tessif_23_Post	E	237	685	2092	3076	4153	6	13	16	18
subj_55_tessif_27_Post	E	227	482	2001	3046	3203	5	13	16	16
subj_55_tessif_30_Post	E	244	515	2083	2839	3877	5	13	15	17
subj_55_tessif_AF2_25	E	267	765	1613	2645	3434	7	11	15	16
subj_55_tessif_AF2_26	E	236	674	1539	2663	3595	6	11	15	17
subj_55_tessif_AF2_50	E	241	515	1268	2698	3048	5	10	15	16
subj_55_tessif_MN1_17	E	266	793	1550	2644	3291	7	11	15	16
subj_55_tessif_MN1_26	E	265	767	1422	2474	3107	7	11	14	16
subj_55_tessif_MN1_53	E	260	668	1558	2548	3639	6	11	15	17
subj_55_tessif_Pre_2	E	227	563	2008	2920	4031	5	13	15	18
subj_55_tessif_Pre_38	E	226	450	2106	2976	3998	5	13	16	18
subj_55_tessif_Pre_43	E	221	409	2139	2926	4143	4	13	15	18
subj_56_keggif_19_Post	E	221	594	2070	2783	3722	6	13	15	17
subj_56_keggif_2_Post	E	221	524	2188	2884	4128	5	13	15	18
subj_56_keggif_32_Post	E	237	517	2138	2933	4529	5	13	15	18
subj_56_keggif_AF2_33	E	222	433	2310	2874	4510	4	14	15	18
subj_56_keggif_AF2_39	E	196	547	2134	2991	4168	5	13	16	18
subj_56_keggif_AF2_8	E	230	442	2513	3056	4479	4	14	16	18
subj_56_keggif_MN1_11	E	195	668	1951	2530	3901	6	13	14	17
subj_56_keggif_MN1_42	E	198	630	1985	2685	3936	6	13	15	18
subj_56_keggif_MN1_51	E	209	696	2029	2701	3896	7	13	15	17
subj_56_keggif_Pre_0	E	234	508	2179	2865	4450	5	13	15	18
subj_56_keggif_Pre_12	E	217	627	2072	2786	4100	6	13	15	18
subj_56_keggif_Pre_53	E	208	554	2045	3011	4412	5	13	16	18
subj_56_peffif_0_Post	E	199	583	1938	2797	3959	6	13	15	18
subj_56_peffif_33_Post	E	228	422	2244	2977	4441	4	14	16	18
subj_56_peffif_46_Post	E	210	571	2001	2925	3844	6	13	15	17
subj_56_peffif_AF2_13	E	219	607	1954	2859	4277	6	13	15	18
subj_56_peffif_AF2_43	E	211	583	1900	2782	4304	6	13	15	18
subj_56_peffif_MN1_20	E	210	620	1890	2764	3922	6	13	15	17
subj_56_peffif_MN1_22	E	194	616	1882	2716	4005	6	12	15	18
subj_56_peffif_MN1_36	E	192	633	1786	2622	3774	6	12	15	17
subj_56_peffif_Pre_34	E	209	660	1946	2883	4372	6	13	15	18
subj_56_peffif_Pre_6	E	203	666	1852	2835	4197	6	12	15	18
subj_56_peffif_Pre_8	E	196	588	2008	2896	4179	6	13	15	18
subj_56_tessif_17_Post	E	225	506	1914	2940	4535	5	13	16	18
subj_56_tessif_39_Post	E	212	553	2062	2954	4513	5	13	16	18
subj_56_tessif_41_Post	E	225	517	1909	2977	4463	5	13	16	18
subj_56_tessif_AF2_11	E	217	619	1992	3149	4352	6	13	16	18
subj_56_tessif_AF2_32	E	207	591	1873	2970	4393	6	12	16	18
subj_56_tessif_AF2_5	E	210	590	1916	3016	4453	6	13	16	18
subj_56_tessif_MN1_27	E	206	603	1925	2833	3952	6	13	15	18
subj_56_tessif_MN1_40	E	201	616	1891	2748	4001	6	13	15	18
subj_56_tessif_MN1_9	E	206	658	1836	2820	3848	6	12	15	17
subj_56_tessif_Pre_16	E	208	592	2044	3130	4480	6	13	16	18
subj_56_tessif_Pre_33	E	200	620	1954	2998	4490	6	13	16	18
subj_56_tessif_Pre_51	E	215	644	1977	2913	4488	6	13	15	18
subj_57_keggif_10_Post	E	207	540	1788	2777	3560	5	12	15	17
subj_57_keggif_23_Post	E	204	591	1762	2667	3724	6	12	15	17
subj_57_keggif_8_Post	E	215	564	1681	2698	3797	5	12	15	17
subj_57_keggif_AF2_21	E	220	448	1737	2683	3597	5	12	15	17
subj_57_keggif_AF2_50	E	214	538	1705	2678	3672	5	12	15	17
subj_57_keggif_AF2_7	E	225	516	1787	2720	3742	5	12	15	17
subj_57_keggif_MN1_20	E	238	631	1826	2616	3784	6	12	15	17
subj_57_keggif_MN1_26	E	227	682	1782	2605	3777	6	12	15	17
subj_57_keggif_MN1_7	E	234	647	1847	2553	3844	6	12	15	17
subj_57_keggif_Pre_37	E	200	593	1915	2646	3868	6	13	15	17
subj_57_keggif_Pre_52	E	212	565	1623	2583	3916	5	12	15	17
subj_57_keggif_Pre_8	E	193	577	1718	2625	3766	6	12	15	17
subj_57_peffif_34_Post	E	212	517	1604	2575	3752	5	11	15	17
subj_57_peffif_42_Post	E	198	521	1699	2646	3767	5	12	15	17
subj_57_peffif_50_Post	E	202	551	1624	2526	3750	5	12	14	17
subj_57_peffif_AF2_17	E	216	479	1684	2575	4071	5	12	15	18
subj_57_peffif_AF2_45	E	212	506	1554	2601	3966	5	11	15	18
subj_57_peffif_MN1_17	E	233	678	1619	2550	4004	6	12	15	18
subj_57_peffif_MN1_38	E	234	681	1568	2615	3985	6	11	15	18
subj_57_peffif_MN1_41	E	243	613	1583	2624	3755	6	11	15	17
subj_57_peffif_Pre_11	E	202	595	1701	2633	3871	6	12	15	17
subj_57_peffif_Pre_49	E	224	552	1353	2433	3868	5	10	14	17
subj_57_peffif_Pre_50	E	210	480	1657	2517	3977	5	12	14	18
subj_57_tessif_19_Post	E	200	534	1638	2592	4263	5	12	15	18
subj_57_tessif_39_Post	E	198	495	1632	2568	4167	5	12	15	18
subj_57_tessif_46_Post	E	209	455	1618	2652	4204	5	11	15	18
subj_57_tessif_AF2_23	E	215	433	1605	2662	4255	4	11	15	18
subj_57_tessif_AF2_24	E	209	415	1652	2628	4250	4	12	15	18
subj_57_tessif_AF2_28	E	164	496	1659	2598	4257	5	12	15	18
subj_57_tessif_MN1_36	E	225	634	1640	2653	4267	6	12	15	18
subj_57_tessif_MN1_49	E	241	543	1668	2668	3936	5	12	15	18
subj_57_tessif_MN1_8	E	228	630	1618	2689	3827	6	12	15	17
subj_57_tessif_Pre_28	E	209	554	1603	2616	4237	5	11	15	18
subj_57_tessif_Pre_3	E	201	499	1669	2656	4154	5	12	15	18
subj_57_tessif_Pre_51	E	213	452	1589	2606	4292	5	11	15	18
subj_58_keggif_12_Post	E	242	540	2137	2767	4051	5	13	15	18
subj_58_keggif_14_Post	E	237	560	2073	2813	4104	5	13	15	18
subj_58_keggif_6_Post	E	236	565	2131	2830	4323	5	13	15	18
subj_58_keggif_AF2_20	E	233	460	1384	2627	3419	5	11	15	17
subj_58_keggif_AF2_26	E	227	428	1245	2836	3746	4	10	15	17
subj_58_keggif_AF2_37	E	248	483	1224	2525	3812	5	10	14	17
subj_58_keggif_MN1_11	E	280	616	1192	2805	3520	6	10	15	17
subj_58_keggif_MN1_24	E	283	669	1333	2790	3840	6	10	15	17
subj_58_keggif_MN1_42	E	300	636	1291	2551	3835	6	10	15	17
subj_58_keggif_Pre_24	E	235	494	2136	2806	4295	5	13	15	18
subj_58_keggif_Pre_8	E	227	540	2267	2919	4155	5	14	15	18
subj_58_peffif_35_Post	E	176	511	1785	2815	4256	5	12	15	18
subj_58_peffif_40_Post	E	194	602	1867	2945	4306	6	12	16	18
subj_58_peffif_53_Post	E	206	631	1823	2892	4026	6	12	15	18
subj_58_peffif_AF2_0	E	236	656	1230	1766	3116	6	9	12	16
subj_58_peffif_AF2_17	E	238	494	1497	2229	3136	5	11	14	16
subj_58_peffif_AF2_46	E	244	476	1299	2652	3380	5	10	15	16
subj_58_peffif_MN1_27	E	292	601	1383	2660	3499	6	10	15	17
subj_58_peffif_MN1_43	E	295	632	1331	2860	3396	6	10	15	16
subj_58_peffif_MN1_48	E	299	622	1452	2585	3661	6	11	15	17
subj_58_peffif_Pre_26	E	230	534	1847	2827	4269	5	12	15	18
subj_58_peffif_Pre_42	E	215	634	1786	3000	4307	6	12	16	18
subj_58_peffif_Pre_53	E	155	644	1828	2945	4221	6	12	16	18
subj_58_tessif_19_Post	E	235	548	1880	2957	4445	5	12	16	18
subj_58_tessif_20_Post	E	233	610	2010	2993	4372	6	13	16	18
subj_58_tessif_29_Post	E	212	609	1851	3003	4346	6	12	16	18
subj_58_tessif_AF2_18	E	239	476	1362	2510	3187	5	10	14	16
subj_58_tessif_AF2_23	E	240	478	1463	2927	3414	5	11	15	16
subj_58_tessif_AF2_40	E	237	466	1401	2563	3351	5	11	15	16
subj_58_tessif_MN1_33	E	298	574	1279	2787	3697	6	10	15	17
subj_58_tessif_MN1_47	E	292	685	1295	2750	3707	6	10	15	17
subj_58_tessif_MN1_49	E	308	624	1296	3002	3705	6	10	16	17
subj_58_tessif_Pre_38	E	232	535	1894	2993	4292	5	13	16	18
subj_58_tessif_Pre_40	E	231	420	1917	3012	4388	4	13	16	18
subj_58_tessif_Pre_43	E	209	674	1931	3138	4402	6	13	16	18
subj_59_keggif_28_Post	E	241	496	2116	2682	3866	5	13	15	17
subj_59_keggif_3_Post	E	241	490	2147	2650	3783	5	13	15	17
subj_59_keggif_43_Post	E	243	523	2176	2975	3602	5	13	16	17
subj_59_keggif_AF2_34	E	301	630	1562	2670	3112	6	11	15	16
subj_59_keggif_AF2_45	E	298	674	1353	2523	3551	6	10	14	17
subj_59_keggif_AF2_53	E	282	591	1482	2480	2825	6	11	14	15
subj_59_keggif_MN1_20	E	323	898	1648	2329	3593	8	12	14	17
subj_59_keggif_MN1_21	E	307	628	1576	2322	3450	6	11	14	17
subj_59_keggif_MN1_8	E	364	855	1739	2516	3709	8	12	14	17
subj_59_keggif_Pre_20	E	227	519	2080	2713	3711	5	13	15	17
subj_59_keggif_Pre_49	E	245	493	2126	3016	3478	5	13	16	17
subj_59_keggif_Pre_9	E	183	569	2045	2518	3265	6	13	14	16
subj_59_peffif_14_Post	E	217	552	1873	2563	3702	5	12	15	17
subj_59_peffif_31_Post	E	211	555	1886	2631	3589	5	13	15	17
subj_59_peffif_45_Post	E	245	512	1918	2641	3715	5	13	15	17
subj_59_peffif_AF2_37	E	220	642	1471	2636	3865	6	11	15	17
subj_59_peffif_AF2_51	E	297	622	1391	2451	3725	6	11	14	17
subj_59_peffif_AF2_6	E	286	570	1644	2536	2999	6	12	14	16
subj_59_peffif_MN1_10	E	341	789	1672	2520	3763	7	12	14	17
subj_59_peffif_MN1_11	E	347	813	1708	2525	3581	7	12	14	17
subj_59_peffif_MN1_46	E	357	767	1386	2445	3752	7	11	14	17
subj_59_peffif_Pre_11	E	324	819	1795	2229	3119	7	12	14	16
subj_59_peffif_Pre_26	E	278	645	1876	2793	3816	6	12	15	17
subj_59_peffif_Pre_45	E	251	634	1917	2715	4061	6	13	15	18
subj_59_tessif_25_Post	E	239	524	1964	2827	4086	5	13	15	18
subj_59_tessif_30_Post	E	218	447	1958	2873	3031	4	13	15	16
subj_59_tessif_AF2_17	E	279	503	1668	2652	3451	5	12	15	17
subj_59_tessif_AF2_18	E	323	777	1576	2352	3306	7	11	14	16
subj_59_tessif_MN1_1	E	361	762	1528	2496	3907	7	11	14	17
subj_59_tessif_MN1_19	E	364	755	1558	2360	3539	7	11	14	17
subj_59_tessif_Pre_10	E	247	518	1811	2416	3458	5	12	14	17
subj_59_tessif_Pre_4	E	299	692	1928	2589	3442	6	13	15	17
subj_59_tessif_Pre_47	E	226	438	2026	2667	3049	4	13	15	16
subj_5_keggif_27_Post	E	230	519	1866	2316	3474	5	12	14	17
subj_5_keggif_7_Post	E	125	562	1848	2726	3491	5	12	15	17
subj_5_keggif_8_Post	E	221	550	1953	2512	3507	5	13	14	17
subj_5_keggif_AF2_1	E	236	631	1552	2331	3840	6	11	14	17
subj_5_keggif_AF2_28	E	267	626	1534	2299	3557	6	11	14	17
subj_5_keggif_AF2_3	E	262	612	1513	2273	3861	6	11	14	17
subj_5_keggif_MN1_13	E	356	730	1523	2100	3690	7	11	13	17
subj_5_keggif_MN1_22	E	336	739	1555	2487	3428	7	11	14	17
subj_5_keggif_MN1_33	E	310	734	1523	2448	3656	7	11	14	17
subj_5_keggif_Pre_35	E	240	494	1875	2485	3602	5	12	14	17
subj_5_keggif_Pre_39	E	231	483	1869	2341	3448	5	12	14	17
subj_5_keggif_Pre_43	E	153	484	1831	1937	3619	5	12	13	17
subj_5_peffif_18_Post	E	119	545	1700	2497	3717	5	12	14	17
subj_5_peffif_26_Post	E	262	613	1673	2447	3694	6	12	14	17
subj_5_peffif_51_Post	E	257	528	1751	2574	3831	5	12	15	17
subj_5_peffif_AF2_14	E	282	567	1339	2842	3929	6	10	15	17
subj_5_peffif_AF2_21	E	255	567	1431	2513	3843	6	11	14	17
subj_5_peffif_AF2_31	E	262	621	1426	2464	3739	6	11	14	17
subj_5_peffif_MN1_25	E	318	727	1460	2067	3746	7	11	13	17
subj_5_peffif_MN1_49	E	263	774	1543	2608	3892	7	11	15	17
subj_5_peffif_MN1_5	E	303	777	1465	2581	3707	7	11	15	17
subj_5_peffif_Pre_13	E	253	544	1716	2740	3975	5	12	15	18
subj_5_peffif_Pre_24	E	233	545	1725	2512	3652	5	12	14	17
subj_5_peffif_Pre_6	E	239	564	1650	2604	3783	5	12	15	17
subj_5_tessif_31_Post	E	261	542	1676	2531	3926	5	12	14	17
subj_5_tessif_46_Post	E	226	566	1747	2664	3998	5	12	15	18
subj_5_tessif_AF2_12	E	262	625	1351	2314	3830	6	10	14	17
subj_5_tessif_AF2_32	E	257	577	1348	2554	3816	6	10	15	17
subj_5_tessif_AF2_44	E	251	529	1389	2551	3819	5	11	15	17
subj_5_tessif_MN1_0	E	282	721	1553	2402	3743	7	11	14	17
subj_5_tessif_MN1_38	E	309	761	1458	2396	3554	7	11	14	17
subj_5_tessif_MN1_7	E	307	827	1368	2461	3953	7	10	14	18
subj_5_tessif_Pre_26	E	252	499	1735	2733	4008	5	12	15	18
subj_5_tessif_Pre_4	E	234	461	1696	2769	3977	5	12	15	18
subj_5_tessif_Pre_44	E	240	489	1645	2548	3867	5	12	15	17
subj_7_keggif_27_Post	E	207	507	2135	2932	4333	5	13	15	18
subj_7_keggif_39_Post	E	212	522	2204	3282	4353	5	14	16	18
subj_7_keggif_47_Post	E	202	585	2337	3053	4451	6	14	16	18
subj_7_keggif_AF2_13	E	215	521	1818	2334	3760	5	12	14	17
subj_7_keggif_AF2_29	E	219	413	2454	3226	4378	4	14	16	18
subj_7_keggif_AF2_8	E	214	542	2047	2509	4038	5	13	14	18
subj_7_keggif_MN1_27	E	240	571	2094	2558	3328	6	13	15	16
subj_7_keggif_MN1_34	E	227	651	1932	2648	2885	6	13	15	15
subj_7_keggif_MN1_6	E	228	709	2002	2545	3529	7	13	15	17
subj_7_keggif_Pre_18	E	229	600	2165	2955	4314	6	13	16	18
subj_7_keggif_Pre_36	E	227	558	2159	2829	4217	5	13	15	18
subj_7_keggif_Pre_7	E	225	528	2311	2882	4382	5	14	15	18
subj_7_peffif_19_Post	E	198	616	2010	3058	4409	6	13	16	18
subj_7_peffif_44_Post	E	205	542	1958	2903	4310	5	13	15	18
subj_7_peffif_4_Post	E	210	566	1949	2906	4220	6	13	15	18
subj_7_peffif_AF2_20	E	215	483	1948	3179	4321	5	13	16	18
subj_7_peffif_AF2_21	E	215	504	1959	3068	4158	5	13	16	18
subj_7_peffif_AF2_41	E	209	561	2039	2947	4319	5	13	16	18
subj_7_peffif_MN1_24	E	240	632	1933	2882	4157	6	13	15	18
subj_7_peffif_MN1_31	E	227	667	1847	2766	3538	6	12	15	17
subj_7_peffif_MN1_39	E	224	502	1859	2735	4010	5	12	15	18
subj_7_peffif_Pre_35	E	233	545	2005	3055	4279	5	13	16	18
subj_7_peffif_Pre_37	E	231	613	2088	2962	4289	6	13	16	18
subj_7_peffif_Pre_40	E	213	594	2143	3137	4365	6	13	16	18
subj_7_tessif_40_Post	E	202	463	2003	3077	4354	5	13	16	18
subj_7_tessif_41_Post	E	199	461	2023	3024	4340	5	13	16	18
subj_7_tessif_42_Post	E	190	454	2015	3005	4422	5	13	16	18
subj_7_tessif_AF2_12	E	200	555	2168	3012	4357	5	13	16	18
subj_7_tessif_AF2_32	E	220	416	2138	2994	4423	4	13	16	18
subj_7_tessif_AF2_39	E	196	505	2054	2991	4385	5	13	16	18
subj_7_tessif_MN1_38	E	233	513	1876	2918	4386	5	12	15	18
subj_7_tessif_MN1_40	E	236	608	1914	2894	4377	6	13	15	18
subj_7_tessif_MN1_5	E	248	564	1995	2957	3571	5	13	16	17
subj_7_tessif_Pre_11	E	234	482	1997	3137	4361	5	13	16	18
subj_7_tessif_Pre_19	E	229	569	2004	3002	4365	6	13	16	18
subj_7_tessif_Pre_31	E	222	497	2178	3057	4359	5	13	16	18
subj_9_keggif_1_Post	E	255	904	2151	3120	4435	8	13	16	18
subj_9_keggif_46_Post	E	263	874	2096	3833	4930	8	13	17	19
subj_9_keggif_48_Post	E	260	829	2089	3233	4344	7	13	16	18
subj_9_keggif_AF2_19	E	239	859	1873	2948	4704	8	12	16	19
subj_9_keggif_AF2_47	E	272	560	1049	1965	3165	5	9	13	16
subj_9_keggif_AF2_6	E	272	850	1855	3104	4907	8	12	16	19
subj_9_keggif_MN1_35	E	279	992	1809	3107	4435	8	12	16	18
subj_9_keggif_MN1_5	E	288	921	1737	3206	4263	8	12	16	18
subj_9_keggif_MN1_52	E	276	879	1717	3143	4538	8	12	16	18
subj_9_keggif_Pre_27	E	260	841	2169	3149	4385	8	13	16	18
subj_9_keggif_Pre_37	E	273	726	2192	3260	4295	7	14	16	18
subj_9_keggif_Pre_41	E	261	708	2221	3012	4274	7	14	16	18
subj_9_peffif_14_Post	E	268	791	2006	2978	4974	7	13	16	19
subj_9_peffif_37_Post	E	244	639	1954	3182	4481	6	13	16	18
subj_9_peffif_40_Post	E	248	705	1998	3108	4197	7	13	16	18
subj_9_peffif_AF2_13	E	273	764	1728	3061	4759	7	12	16	19
subj_9_peffif_AF2_20	E	259	980	1818	2710	4896	8	12	15	19
subj_9_peffif_AF2_39	E	270	849	1907	2985	3569	8	13	16	17
subj_9_peffif_MN1_23	E	290	954	1734	2410	3437	8	12	14	17
subj_9_peffif_MN1_49	E	282	1010	1064	1791	3113	9	9	12	16
subj_9_peffif_Pre_15	E	251	709	2028	3065	4458	7	13	16	18
subj_9_peffif_Pre_25	E	277	647	1990	2994	4529	6	13	16	18
subj_9_peffif_Pre_51	E	259	728	2058	3086	4249	7	13	16	18
subj_9_tessif_13_Post	E	248	783	1991	3109	5099	7	13	16	19
subj_9_tessif_36_Post	E	246	574	1982	2677	3760	6	13	15	17
subj_9_tessif_51_Post	E	251	611	2016	3419	4780	6	13	17	19
subj_9_tessif_AF2_21	E	269	616	1332	2409	3903	6	10	14	17
subj_9_tessif_AF2_48	E	273	846	1533	1938	3276	8	11	13	16
subj_9_tessif_AF2_52	E	273	800	1102	1881	3269	7	9	12	16
subj_9_tessif_MN1_17	E	300	721	1645	2041	3164	7	12	13	16
subj_9_tessif_MN1_29	E	284	866	1555	2401	3901	8	11	14	17
subj_9_tessif_MN1_40	E	279	939	1818	2902	4429	8	12	15	18
subj_9_tessif_Pre_19	E	258	771	2070	3245	4339	7	13	16	18
subj_9_tessif_Pre_5	E	257	730	2054	3211	4540	7	13	16	18
subj_9_tessif_Pre_9	E	260	717	2064	3177	4611	7	13	16	19
